"date", "max_temperature", "min_temperature", "precipitation", "snowfall", "snowdepth"
1990-09-01, 28.9, 10, 0, 0, 0
1990-09-02, 28.9, 11.1, 0, 0, 0
1990-09-03, 31.7, 14.4, 0, 0, 0
1990-09-04, 31.1, 13.3, 0, 0, 0
1990-09-05, 30.6, 12.8, 3, 0, 0
1990-09-06, 31.1, 12.8, 5.6, 0, 0
1990-09-07, 26.7, 10, 0, 0, 0
1990-09-08, 26.1, 8.9, 0, 0, 0
1990-09-09, 27.2, 9.4, 0, 0, 0
1990-09-10, 28.3, 9.4, 0, 0, 0
1990-09-11, 28.3, 8.9, 0, 0, 0
1990-09-12, 31.1, 7.8, 0, 0, 0
1990-09-13, 32.8, 12.8, 0, 0, 0
1990-09-14, 32.8, 1.1, 0, 0, 0
1990-09-15, 22.8, 1.1, 0, 0, 0
1990-09-16, 23.9, 5.6, 0, 0, 0
1990-09-17, 21.1, 13.3, 0, 0, 0
1990-09-18, 21.1, 9.4, 0, 0, 0
1990-09-19, 21.1, 5.6, 0, 0, 0
1990-09-20, 21.1, 5.6, 19.6, 0, 0
1990-09-21, 21.1, 1.1, 0, 0, 0
1990-09-22, 20, 2.2, 0, 0, 0
1990-09-23, 15, -1.1, 0, 0, 0
1990-09-24, 20, 0, 0, 0, 0
1990-09-25, 28.9, 5.6, 0, 0, 0
1990-09-26, 27.2, 7.2, 0, 0, 0
1990-09-27, 27.2, 7.2, 0, 0, 0
1990-09-28, 14.4, 5, 0, 0, 0
1990-09-29, 14.4, 4.4, 1, 0, 0
1990-09-30, 14.4, 2.8, 0, 0, 0
1990-10-01, 24.4, 1.1, 0, 0, 0
1990-10-02, 24.4, 1.1, 0, 0, 0
1990-10-03, 18.9, 1.7, 0, 0, 0
1990-10-04, 12.8, 0.6, 0, 0, 0
1990-10-05, 25, 0.6, 0, 0, 0
1990-10-06, 27.2, -0.6, 0, 0, 0
1990-10-07, 2.2, -1.7, 0, 0, 0
1990-10-08, 0, -4.4, 3, 30, NA
1990-10-09, 5.6, -5, 0, 0, 0
1990-10-10, 11.7, -5, 0, 0, 0
1990-10-11, 20, -1.1, 0, 0, 0
1990-10-12, 6.7, -5.6, 5.3, 28, NA
1990-10-13, 14.4, -5, 0, 0, 0
1990-10-14, 7.2, -2.2, 5.8, 0, 0
1990-10-15, 8.9, -2.2, 0, 0, 0
1990-10-16, 10, -2.2, 0, 0, 0
1990-10-17, 14.4, 0.6, 0, 0, 0
1990-10-18, 3.9, -6.7, 0, 0, 0
1990-10-19, 17.8, -6.1, 0, 0, 0
1990-10-20, 17.8, 0.6, 0, 0, 0
1990-10-21, 6.1, -6.1, 0, 0, 0
1990-10-22, 11.1, -6.1, 0, 0, 0
1990-10-23, 15.6, -2.2, 0, 0, 0
1990-10-24, 15.6, -5, 1.3, 13, 0
1990-10-25, 12.8, -5, 0, 0, 0
1990-10-26, 22.8, 0.6, 0, 0, 0
1990-10-27, 23.9, -3.3, 0, 0, 0
1990-10-28, 13.9, -2.8, 0, 0, 0
1990-10-29, 26.1, -2.8, 0, 0, 0
1990-10-30, 23.3, -1.7, 0, 0, 0
1990-10-31, 23.3, -1.7, 0, 0, 0
1990-11-01, 22.2, 3.9, 0, 0, 0
1990-11-02, 22.2, -1.1, 10.9, 0, 0
1990-11-03, 1.1, -3.9, 0, 0, 0
1990-11-04, 3.3, -7.2, 0, 0, 0
1990-11-05, 10.6, -3.3, 0, 0, 0
1990-11-06, 5.6, -8.3, 12.7, 64, NA
1990-11-07, -2.2, -13.3, 0, 0, NA
1990-11-08, 7.8, -12.2, 0, 0, NA
1990-11-09, 8.9, -5.6, 0, 0, 0
1990-11-10, 11.7, -3.9, 0, 0, 0
1990-11-11, 16.1, -1.7, 0, 0, 0
1990-11-12, 20, -2.8, 0, 0, 0
1990-11-13, 20.6, -3.3, 0, 0, 0
1990-11-14, 20, -2.2, 0, 0, 0
1990-11-15, 22.2, 1.1, 0, 0, 0
1990-11-16, 9.4, -7.2, 0, 0, 0
1990-11-17, 10.6, -6.1, 0, 0, 0
1990-11-18, 12.2, -2.2, 0, 0, 0
1990-11-19, 12.2, -2.2, 0, 0, 0
1990-11-20, 14.4, -3.3, 0, 0, 0
1990-11-21, 13.9, -3.3, 0, 0, 0
1990-11-22, 16.7, -5.6, 0, 0, 0
1990-11-23, 11.1, -2.2, 0, 0, 0
1990-11-24, 14.4, -1.1, 0, 0, 0
1990-11-25, 19.4, -7.8, 0, 0, 0
1990-11-26, 13.9, -6.7, 0, 0, 0
1990-11-27, -0.6, -11.1, 0, 0, 0
1990-11-28, 2.2, -7.8, 0, 0, 0
1990-11-29, 2.8, -11.1, 0, 0, 0
1990-11-30, 12.8, -11.1, 0, 0, 0
1990-12-01, 9.4, -9.4, 0, 0, 0
1990-12-02, -0.6, -8.3, 0, 0, 0
1990-12-03, 3.3, -11.1, 0, 0, 0
1990-12-04, 2.2, -10, 0, 0, 0
1990-12-05, 12.8, -4.4, 0, 0, 0
1990-12-06, 6.1, -7.2, 0, 0, 0
1990-12-07, 3.3, -4.4, 0, 0, 0
1990-12-08, 13.3, -5, 0, 0, 0
1990-12-09, 13.3, -4.4, 0, 0, 0
1990-12-10, 16.7, -3.9, 0, 0, 0
1990-12-11, 18.3, -4.4, 0, 0, 0
1990-12-12, 15, -4.4, 0, 0, 0
1990-12-13, 3.3, -11.1, 0, 0, 0
1990-12-14, 0, -5, 0, 0, 0
1990-12-15, 0, -13.3, 9.9, 127, 127
1990-12-16, 2.2, -12.2, 0, 0, NA
1990-12-17, 6.1, -13.3, 0, 0, NA
1990-12-18, 2.2, -13.3, 0, 0, NA
1990-12-19, 5, -22.2, 2.8, 38, 127
1990-12-20, -21.7, -28.3, 2.3, 25, 152
1990-12-21, -22.8, -27.2, 0, 0, NA
1990-12-22, -22.8, -35, 0, 0, NA
1990-12-23, -14.4, -34.4, 0, 0, NA
1990-12-24, -6.1, -18.3, 0, 0, NA
1990-12-25, -3.3, -24.4, 0, 0, NA
1990-12-26, -12.8, -24.4, 0, 0, NA
1990-12-27, -3.9, -19.4, 0, 0, NA
1990-12-28, 2.2, -17.8, 0, 0, NA
1990-12-29, -17.2, -31.7, 0, 0, NA
1990-12-30, -24.4, -33.9, 0, 0, NA
1990-12-31, -6.7, -24.4, 0, 0, NA
1991-01-01, 4.4, -12.8, 0, 0, 102
1991-01-02, -7.2, -18.9, 0, 0, 102
1991-01-03, -11.1, -19.4, 0, 0, 102
1991-01-04, -9.4, -21.1, 0, 0, 102
1991-01-05, -3.3, -20.6, 0, 0, 102
1991-01-06, -10.6, -25, 0, 0, 102
1991-01-07, -0.6, -20.6, 0, 0, 102
1991-01-08, 8.3, -14.4, 0, 0, 102
1991-01-09, -11.1, -19.4, 0, 13, 127
1991-01-10, 3.3, -14.4, 0, 0, 127
1991-01-11, 6.7, -14.4, 0, 0, 102
1991-01-12, 4.4, -12.2, 0, 0, 102
1991-01-13, 9.4, -9.4, 0, 0, 76
1991-01-14, 9.4, -6.1, 0, 0, 76
1991-01-15, 7.8, -6.1, 0, 0, NA
1991-01-16, 3.9, -5.6, 0, 0, 51
1991-01-17, 4.4, -5.6, 0, 0, 51
1991-01-18, 5.6, -2.8, 0, 0, 51
1991-01-19, 13.3, -4.4, 0, 0, 25
1991-01-20, -2.8, -10, 4.8, 13, 51
1991-01-21, -4.4, -12.2, 0, 0, 51
1991-01-22, 3.3, -11.7, 0, 0, NA
1991-01-23, 2.2, -11.1, 0, 0, NA
1991-01-24, -3.3, -13.3, 0, 0, NA
1991-01-25, -5.6, -21.7, 0, 0, NA
1991-01-26, -7.2, -21.7, 0, 0, NA
1991-01-27, -0.6, -13.9, 0, 0, NA
1991-01-28, 1.1, -12.2, 0, 0, 51
1991-01-29, -11.7, -27.2, 3.8, 0, 51
1991-01-30, -5.6, -27.2, 0, 0, 51
1991-01-31, 1.7, -14.4, 0, 0, 51
1991-02-01, 11.1, -11.7, 0, 0, 0
1991-02-02, 14.4, -5.6, 0, 0, 0
1991-02-03, 16.1, -3.3, 0, 0, 0
1991-02-04, 13.9, -3.3, 0, 0, 0
1991-02-05, 15.6, -6.7, 0, 0, 0
1991-02-06, 16.1, -5.6, 0, 0, 0
1991-02-07, 9.4, -8.3, 0, 0, 0
1991-02-08, 17.8, -7.8, 0, 0, 0
1991-02-09, 15.6, -4.4, 0, 0, 0
1991-02-10, 8.3, -5.6, 0, 0, 0
1991-02-11, 10.6, -4.4, 0, 0, 0
1991-02-12, 12.8, -3.9, 0, 0, 0
1991-02-13, 15, -0.6, 0, 0, 0
1991-02-14, 6.7, -6.7, 2.5, NA, 51
1991-02-15, -2.2, -15.6, 0, 0, 25
1991-02-16, 10.6, -14.4, 0, 0, NA
1991-02-17, 12.2, -1.1, 0, 0, 0
1991-02-18, -1.1, -6.7, 16.8, NA, 127
1991-02-19, 0.6, -13.9, 0, 0, NA
1991-02-20, 7.2, -13.9, 0, 0, NA
1991-02-21, 13.3, -3.9, 0, 0, 0
1991-02-22, 13.3, -3.9, 0, 0, 0
1991-02-23, 3.3, -3.3, 0, 0, 0
1991-02-24, 3.9, -6.1, 0, 0, 0
1991-02-25, 0, -12.2, 0, 0, 0
1991-02-26, 1.7, -13.9, 0, 0, 0
1991-02-27, 3.9, -11.7, 0, 0, 0
1991-02-28, 5.6, -8.3, 0, 0, 0
1991-03-01, 11.7, -8.9, 0, 0, 0
1991-03-02, -8.9, -16.1, 0, 0, 0
1991-03-03, 5, -15, 0, 0, 0
1991-03-04, 12.8, 3.3, 0, 0, 0
1991-03-05, 15.6, 7.2, 0, 0, 0
1991-03-06, 10.6, -7.8, 1.8, NA, 0
1991-03-07, 1.7, -8.3, 0, 0, 0
1991-03-08, 3.9, -2.8, 0, 0, 0
1991-03-09, 4.4, -8.9, 0, 0, 0
1991-03-10, 13.3, -5, 0, 0, 0
1991-03-11, 16.1, -3.9, 0, 0, 0
1991-03-12, 15.6, -3.3, 7.6, 152, NA
1991-03-13, 4.4, -10, 0, 0, 0
1991-03-14, 3.3, -10.6, 0, 0, 0
1991-03-15, 5.6, -8.3, 0, 0, 0
1991-03-16, 0.6, -5.6, 0, 0, 0
1991-03-17, 8.3, -4.4, 0, 0, 0
1991-03-18, 7.2, -3.9, 0, 0, 0
1991-03-19, 11.1, -4.4, 0, 0, 0
1991-03-20, 17.8, -1.1, 0, 0, 0
1991-03-21, 11.1, 1.1, 0, 0, 0
1991-03-22, 3.9, 0, 3.8, 38, 51
1991-03-23, 7.2, 7.2, 0, 0, NA
1991-03-24, 8.9, -3.9, 0, 0, 0
1991-03-25, 16.1, -3.3, 0, 0, 0
1991-03-26, 15.6, -3.3, 0, 0, 0
1991-03-27, 13.9, -6.1, 0, 0, 0
1991-03-28, 5, -5.6, 0, 0, 0
1991-03-29, 8.3, -3.9, 0, 0, 0
1991-03-30, 3.3, -7.2, 0, 0, 0
1991-03-31, 12.2, -4.4, 0, 0, 0
1991-04-01, 16.7, -3.3, 0, 0, 0
1991-04-02, 21.1, 1.1, 0, 0, 0
1991-04-03, 21.1, 2.2, 3.8, 0, 0
1991-04-04, 17.2, -0.6, 0, 0, 0
1991-04-05, 20, 0, 0, 0, 0
1991-04-06, 25, 5, 0, 0, 0
1991-04-07, 24.4, 3.9, 0, 0, 0
1991-04-08, 8.3, 0.6, 7.6, 0, 0
1991-04-09, 8.9, -2.2, 2, NA, NA
1991-04-10, 7.8, -4.4, 0, 0, 0
1991-04-11, 11.1, -4.4, 32, NA, 51
1991-04-12, -0.6, -3.3, 14.5, 165, 203
1991-04-13, -1.7, -3.9, 4.6, 13, 178
1991-04-14, 2.8, -8.9, 0, 0, 127
1991-04-15, 3.9, -5, 0, 0, 102
1991-04-16, 10.6, -3.3, 0, 0, 0
1991-04-17, 5, 0, 0, 0, 0
1991-04-18, 7.8, -1.7, 0, 0, 0
1991-04-19, 6.1, -1.1, 31.8, 127, 127
1991-04-20, 6.1, -3.9, 0, 0, 76
1991-04-21, 9.4, -3.9, 0, 0, 0
1991-04-22, 12.8, -0.6, 1, 0, 0
1991-04-23, 15, -2.8, 0, 0, 0
1991-04-24, 16.1, -2.8, 0, 0, 0
1991-04-25, 19.4, -2.8, 0, 0, 0
1991-04-26, 21.7, 4.4, 23.4, 0, 0
1991-04-27, 7.2, 1.1, 5.6, 0, 0
1991-04-28, 8.3, 2.8, 0, 0, 0
1991-04-29, 8.3, 2.2, 0, 0, 0
1991-04-30, 6.7, 1.1, NA, NA, 0
1991-05-01, 7.2, -3.3, 0, 0, 0
1991-05-02, 13.3, -2.8, 0, 0, 0
1991-05-03, 11.7, -2.8, 14, 140, 127
1991-05-04, 2.8, -3.3, 0, 0, NA
1991-05-05, 8.3, -1.7, 0, 0, 0
1991-05-06, 11.7, -3.3, 0, 0, 0
1991-05-07, 12.2, 1.7, 0, 0, 0
1991-05-08, 10.6, 0.6, 0, 0, 0
1991-05-09, 23.3, 5.6, 0, 0, 0
1991-05-10, 22.8, 11.1, 0, 0, 0
1991-05-11, 18.3, 10.6, 10.4, 0, 0
1991-05-12, 18.9, 7.8, 54.4, 0, 0
1991-05-13, 17.2, 6.7, 0, 0, 0
1991-05-14, 22.2, 5, 0, 0, 0
1991-05-15, 24.4, 10.6, 5.1, 0, 0
1991-05-16, 11.7, 7.8, 8.1, 0, 0
1991-05-17, 9.4, 7.8, 28.4, 0, 0
1991-05-18, 12.8, 5, 10.7, 0, 0
1991-05-19, 13.3, 5.6, 8.9, 0, 0
1991-05-20, 23.9, 10, 7.6, 0, 0
1991-05-21, 25, 10.6, 0, 0, 0
1991-05-22, 24.4, 9.4, 0, 0, 0
1991-05-23, 15, 8.9, 20.8, 0, 0
1991-05-24, 20.6, 8.3, 0, 0, 0
1991-05-25, 16.7, 5, 0, 0, 0
1991-05-26, 21.1, 8.3, 0, 0, 0
1991-05-27, 18.9, 7.8, 19.3, 0, 0
1991-05-28, 14.4, 5.6, 17.8, 0, 0
1991-05-29, 17.8, 6.1, 7.1, 0, 0
1991-05-30, 19.4, 5, 0, 0, 0
1991-05-31, 22.2, 6.1, 1.3, 0, 0
1991-06-01, 22.2, 11.1, 16.5, 0, 0
1991-06-02, 20, 8.3, 0, 0, 0
1991-06-03, 18.3, 8.9, 7.4, 0, 0
1991-06-04, 16.7, 7.8, 23.1, 0, 0
1991-06-05, 18.9, 7.8, 1.8, 0, 0
1991-06-06, 21.7, 7.8, 61.7, 0, 0
1991-06-07, 21.7, 11.1, 7.1, 0, 0
1991-06-08, 22.2, 13.3, 0.5, 0, 0
1991-06-09, 25, 10.6, 1, 0, 0
1991-06-10, 25, 7.8, 0, 0, 0
1991-06-11, 22.8, 7.8, 0, 0, 0
1991-06-12, 30, 13.3, 0, 0, 0
1991-06-13, 28.3, 11.1, 0, 0, 0
1991-06-14, 26.7, 8.9, 48.8, 0, 0
1991-06-15, 26.1, 5, 12.7, 0, 0
1991-06-16, 25, 7.2, 0, 0, 0
1991-06-17, 30, 10.6, 0, 0, 0
1991-06-18, 22.2, 10, 0, 0, 0
1991-06-19, 20, 12.2, 0.3, 0, 0
1991-06-20, 26.7, 12.2, 0, 0, 0
1991-06-21, 26.1, 13.9, 4.6, 0, 0
1991-06-22, 17.8, 13.3, 4.3, 0, 0
1991-06-23, 18.3, 7.2, 11.4, 0, 0
1991-06-24, 22.8, 15.6, 0, 0, 0
1991-06-25, 24.4, 13.9, 0, 0, 0
1991-06-26, 32.8, 10, 0, 0, 0
1991-06-27, 28.3, 10, 0, 0, 0
1991-06-28, 23.3, 10.6, 11.4, 0, 0
1991-06-29, 27.2, 12.2, 0, 0, 0
1991-06-30, 27.8, 13.3, 4.1, 0, 0
1991-07-01, 26.7, 12.8, 0, 0, 0
1991-07-02, 23.9, 10, 0, 0, 0
1991-07-03, 25, 10, 0, 0, 0
1991-07-04, 26.1, 8.9, 0, 0, 0
1991-07-05, 30, 8.9, 0, 0, 0
1991-07-06, 30, 11.7, 0, 0, 0
1991-07-07, 31.1, 13.3, 0, 0, 0
1991-07-08, 21.7, 7.2, 0, 0, 0
1991-07-09, 25, 11.7, 16.3, 0, 0
1991-07-10, 22.2, 10, 0, 0, 0
1991-07-11, 22.2, 10, 24.4, 0, 0
1991-07-12, 24.4, 9.4, 0, 0, 0
1991-07-13, 24.4, 7.8, 0, 0, 0
1991-07-14, 26.1, 12.8, 0, 0, 0
1991-07-15, 32.2, 13.9, 0, 0, 0
1991-07-16, 30.6, 14.4, 5.6, 0, 0
1991-07-17, 31.7, 13.9, 2.8, 0, 0
1991-07-18, 35, 13.9, 0, 0, 0
1991-07-19, 25.6, 11.7, 0, 0, 0
1991-07-20, 31.1, 13.9, 0, 0, 0
1991-07-21, 28.9, 17.8, 0, 0, 0
1991-07-22, 32.8, 13.9, 0, 0, 0
1991-07-23, 24.4, 12.2, 0, 0, 0
1991-07-24, 21.1, 12.8, 1.5, 0, 0
1991-07-25, 21.7, 7.8, 5.1, 0, 0
1991-07-26, 25, 8.9, 0, 0, 0
1991-07-27, 22.2, 12.2, 10.7, 0, 0
1991-07-28, 25.6, 10.6, 0, 0, 0
1991-07-29, 28.3, 12.8, 0, 0, 0
1991-07-30, 28.9, 11.7, 5.8, 0, 0
1991-07-31, 28.9, 12.2, 0, 0, 0
1991-08-01, 31.7, 15, 0, 0, 0
1991-08-02, 26.7, 14.4, 0, 0, 0
1991-08-03, 26.7, 13.3, 0, 0, 0
1991-08-04, 27.8, 8.9, 0, 0, 0
1991-08-05, 16.7, 11.7, 1.3, 0, 0
1991-08-06, 23.3, 8.9, 14.7, 0, 0
1991-08-07, 27.8, 11.1, 5.1, 0, 0
1991-08-08, 21.1, 13.9, 0.5, 0, 0
1991-08-09, 24.4, 9.4, 0, 0, 0
1991-08-10, 24.4, 10, 0, 0, 0
1991-08-11, 22.8, 8.9, 0, 0, 0
1991-08-12, 23.9, 10, 0, 0, 0
1991-08-13, 22.8, 10.6, 0, 0, 0
1991-08-14, 23.9, 11.1, 0, 0, 0
1991-08-15, 32.2, 13.9, 2.3, 0, 0
1991-08-16, 32.2, 11.7, 8.9, 0, 0
1991-08-17, 24.4, 8.3, 0, 0, 0
1991-08-18, 26.1, 10, 0, 0, 0
1991-08-19, 25, 10, 0, 0, 0
1991-08-20, 31.7, 12.2, 0, 0, 0
1991-08-21, 30.6, 10.6, 4.3, 0, 0
1991-08-22, 30, 11.1, 0, 0, 0
1991-08-23, 30, 10.6, 0, 0, 0
1991-08-24, 31.1, 16.7, 0, 0, 0
1991-08-25, 32.2, 15.6, 0, 0, 0
1991-08-26, 34.4, 12.8, 0, 0, 0
1991-08-27, 32.8, 15, 0, 0, 0
1991-08-28, 34.4, 18.9, 0, 0, 0
1991-08-29, 34.4, 11.7, 0, 0, 0
1991-08-30, 28.3, 10, 0, 0, 0
1991-08-31, 28.3, 12.8, 0, 0, 0
1991-09-01, 30, 11.7, 0, 0, 0
1991-09-02, 31.7, 15.6, 0, 0, 0
1991-09-03, 28.9, 10.6, 1.3, 0, 0
1991-09-04, 20, 6.1, 0, 0, 0
1991-09-05, 24.4, 6.7, 0, 0, 0
1991-09-06, 24.4, 7.8, 0, 0, 0
1991-09-07, 31.7, 10, 0, 0, 0
1991-09-08, 30, 13.3, 1, 0, 0
1991-09-09, 25.6, 12.2, 0, 0, 0
1991-09-10, 20.6, 8.3, 0, 0, 0
1991-09-11, 16.7, 12.8, 15.7, 0, 0
1991-09-12, 23.3, 12.8, 0, 0, 0
1991-09-13, 20, 11.1, 1.5, 0, 0
1991-09-14, 20.6, 7.8, 1, 0, 0
1991-09-15, 22.2, 4.4, 1.5, 0, 0
1991-09-16, 12.2, 4.4, 0, 0, 0
1991-09-17, 18.9, 8.3, 0, 0, 0
1991-09-18, 12.2, -4.4, 0, 0, 0
1991-09-19, 10, -4.4, 0, 0, 0
1991-09-20, 16.1, -4.4, 0, 0, 0
1991-09-21, 28.3, 2.2, 0, 0, 0
1991-09-22, 28.9, 3.9, 0, 0, 0
1991-09-23, 13.9, -1.7, 0, 0, 0
1991-09-24, 13.3, -2.2, 0, 0, 0
1991-09-25, 19.4, -1.7, 0, 0, 0
1991-09-26, 21.7, 2.8, 0, 0, 0
1991-09-27, 21.1, 2.2, 0, 0, 0
1991-09-28, 21.7, 2.8, 0, 0, 0
1991-09-29, 25, 3.3, 0, 0, 0
1991-09-30, 25.6, 4.4, 0, 0, 0
1991-10-01, 21.7, 6.7, 0, 0, 0
1991-10-02, 27.8, 4.4, 0, 0, 0
1991-10-03, 14.4, 3.9, 0, 0, 0
1991-10-04, 11.7, 0.6, 17.5, 0, 0
1991-10-05, 6.7, -3.9, 1.5, 0, 0
1991-10-06, 6.1, -2.8, 0, 0, 0
1991-10-07, 13.3, 0, 0, 0, 0
1991-10-08, 25.6, 2.2, 0, 0, 0
1991-10-09, 21.7, 0.6, 0, 0, 0
1991-10-10, 19.4, 0.6, 0, 0, 0
1991-10-11, 27.2, 6.1, 0, 0, 0
1991-10-12, 26.1, 5.6, 0, 0, 0
1991-10-13, 24.4, 8.9, 0, 0, 0
1991-10-14, 12.8, -1.1, 0, 0, 0
1991-10-15, 13.9, 0.6, 0.3, 0, 0
1991-10-16, 22.8, 3.3, 0, 0, 0
1991-10-17, 28.3, 4.4, 0, 0, 0
1991-10-18, 11.7, 0, 0, 0, 0
1991-10-19, 5, -2.2, 0, 0, 0
1991-10-20, 14.4, -3.3, 0, 0, 0
1991-10-21, 17.8, -0.6, 0, 0, 0
1991-10-22, 20.6, -0.6, 0, 0, 0
1991-10-23, 16.1, -3.3, 0, 0, 0
1991-10-24, 16.1, -4.4, 0, 0, 0
1991-10-25, 5, -5.6, 0, 0, 0
1991-10-26, 11.7, -5.6, 0, 0, 0
1991-10-27, 16.7, -0.6, 0, 0, 0
1991-10-28, 11.7, -8.3, 6.9, 64, 76
1991-10-29, -8.3, -12.2, 11.2, 102, 178
1991-10-30, -8.9, -20, 0, 0, 178
1991-10-31, -10.6, -19.4, 0, 0, 152
1991-11-01, 3.3, -13.3, 0, 0, 178
1991-11-02, -9.4, -18.9, 0, 0, 152
1991-11-03, -9.4, -21.7, 0, 0, 152
1991-11-04, -3.3, -10.6, 0, 0, 127
1991-11-05, 9.4, -3.3, 0, 0, 102
1991-11-06, 5.6, -13.3, 7.6, 76, 76
1991-11-07, -10.6, -16.7, 0, 0, 76
1991-11-08, 7.2, -10, 0, 0, 51
1991-11-09, 11.7, 0.6, 0, 0, 51
1991-11-10, 11.1, -3.3, 0, 0, 25
1991-11-11, 10.6, -3.3, 0, 0, 0
1991-11-12, 10, -3.9, 0, 0, 0
1991-11-13, 19.4, -0.6, 0, 0, 0
1991-11-14, 12.2, -0.6, 0, 0, 0
1991-11-15, 1.7, -3.3, 0, 0, 0
1991-11-16, 3.3, -5.6, 0, 0, 0
1991-11-17, 7.2, -2.8, 0, 0, 0
1991-11-18, 12.2, -2.8, 0, 0, 0
1991-11-19, 8.3, -3.9, 0, 0, 0
1991-11-20, 7.2, -6.7, 0, 0, 0
1991-11-21, 14.4, -4.4, 2.5, 0, 0
1991-11-22, 4.4, -6.1, 12.4, 114, 127
1991-11-23, -3.9, -8.3, 0, 0, 127
1991-11-24, -1.7, -15.6, 0, 0, 102
1991-11-25, -5.6, -11.1, 0, 0, 102
1991-11-26, 6.1, -1.7, 0, 0, 25
1991-11-27, 5.6, -5.6, 0, 0, 25
1991-11-28, 1.1, -5.6, 12.7, 114, 152
1991-11-29, -2.8, -12.8, 1.3, 0, 152
1991-11-30, 0, -17.8, 0, 0, 152
1991-12-01, -5.6, -17.8, 0, 0, 127
1991-12-02, -1.1, -11.1, 0, 0, 127
1991-12-03, 2.2, -13.3, 0, 0, 102
1991-12-04, 1.1, -13.3, 0, 0, 102
1991-12-05, 8.3, -7.2, 0, 0, 102
1991-12-06, 8.3, -7.2, 0, 0, 51
1991-12-07, 6.7, -2.8, 0, 0, 25
1991-12-08, 11.7, -1.7, 0, 0, 25
1991-12-09, 6.7, -5.6, 0, 0, 25
1991-12-10, 7.8, -5.6, 0, 0, 0
1991-12-11, 5.6, -9.4, 0, 0, 0
1991-12-12, 7.8, -7.2, 0, 0, 0
1991-12-13, 6.7, -7.2, 0, 0, 0
1991-12-14, 0.6, -10.6, 0, 0, 0
1991-12-15, 2.2, -11.7, 0, 0, 0
1991-12-16, 7.2, -8.3, 0, 0, 0
1991-12-17, 11.7, -9.4, 0, 0, 0
1991-12-18, 11.7, -10.6, 0, 0, 0
1991-12-19, 8.9, -1.7, 0, 0, 0
1991-12-20, 7.2, -1.1, 0, 0, 0
1991-12-21, 7.2, -7.8, 0, 0, 0
1991-12-22, 16.1, -6.1, 0, 0, 0
1991-12-23, 16.1, -9.4, 0, 0, 0
1991-12-24, 6.1, -7.8, 0, 0, 0
1991-12-25, 5.6, -7.2, 0, 0, 0
1991-12-26, 10, -7.8, 0, 0, 0
1991-12-27, 6.7, -11.1, 0, 0, 0
1991-12-28, 7.8, -10.6, 0, 0, 0
1991-12-29, 8.9, -9.4, 0, 0, 0
1991-12-30, 7.8, -7.8, 0, 0, 0
1991-12-31, 7.2, -8.3, 0, 0, 0
1992-01-01, 5, -10, 0, 0, 0
1992-01-02, 0.6, -8.9, 0, 0, 0
1992-01-03, 13.3, -5.6, 0, 0, 0
1992-01-04, 6.1, -7.8, 0, 0, 0
1992-01-05, 10.6, -6.7, 0, 0, 0
1992-01-06, 6.7, -6.7, 0, 0, 0
1992-01-07, 8.9, -5.6, 0, 0, 0
1992-01-08, 0.6, -13.3, 4.3, 43, 51
1992-01-09, -0.6, -10, 0, 0, 51
1992-01-10, 5.6, -6.1, 0, 0, 25
1992-01-11, 13.3, -4.4, 0, 0, 0
1992-01-12, 12.2, -2.8, 0, 0, 0
1992-01-13, 0, -10, 0, 0, 0
1992-01-14, -2.2, -11.7, 0, 0, 0
1992-01-15, 0.6, -21.1, 1.3, 13, 25
1992-01-16, 4.4, -20, 0, 0, 0
1992-01-17, 8.9, -12.8, 0, 0, 0
1992-01-18, -3.3, -12.8, 0, 0, 0
1992-01-19, 5.6, -5.6, 0, 0, 0
1992-01-20, 11.1, -4.4, 0, 0, 0
1992-01-21, 14.4, -6.1, 0, 0, 0
1992-01-22, 11.7, -6.1, 0, 0, 0
1992-01-23, 3.3, -5, 0, 0, 0
1992-01-24, 3.3, -2.2, 0, 0, 0
1992-01-25, 11.7, -6.1, 0.5, 0, 0
1992-01-26, 8.9, -4.4, 0, 0, 0
1992-01-27, 8.9, -10, 0, 0, 0
1992-01-28, 8.3, -5.6, 0, 0, 0
1992-01-29, 15, -5.6, 0, 0, 0
1992-01-30, 12.2, -5.6, 0, 0, 0
1992-01-31, 10, -5.6, 0, 0, 0
1992-02-01, 18.9, -2.2, 0, 0, 0
1992-02-02, 20.6, -3.3, 0, 0, 0
1992-02-03, 15, 1.7, 0, 0, 0
1992-02-04, 10, -8.3, 0, 0, 0
1992-02-05, 11.7, -7.2, 0, 0, 0
1992-02-06, 12.8, -7.2, 0, 0, 0
1992-02-07, 7.8, -9.4, 0, 0, 0
1992-02-08, 1.7, -10, 0, 0, 0
1992-02-09, -3.3, -9.4, 0, 0, 0
1992-02-10, 5, -7.8, 0, 0, 0
1992-02-11, -0.6, -14.4, 0, 0, 0
1992-02-12, -3.3, -14.4, 0.8, 0, 0
1992-02-13, 10, -6.1, 0, 0, 0
1992-02-14, 10, -3.3, 0, 0, 0
1992-02-15, 8.3, -5.6, 0, 0, 0
1992-02-16, 10.6, -6.1, 0, 0, 0
1992-02-17, 10, -6.1, 0, 0, 0
1992-02-18, 6.7, -3.3, 0, 0, 0
1992-02-19, 5.6, -8.9, 0, 0, 0
1992-02-20, 11.7, -7.2, 0, 0, 0
1992-02-21, 5.6, -3.9, 0, 0, 0
1992-02-22, 13.3, -3.3, 0, 0, 0
1992-02-23, 14.4, 0.6, 6.9, NA, 0
1992-02-24, 3.9, -9.4, 1.8, 0, 0
1992-02-25, 3.9, -7.8, 0, 0, 0
1992-02-26, 10.6, -1.7, 0, 0, 0
1992-02-27, 13.3, 0, 0, 0, 0
1992-02-28, 16.7, 2.8, 0, 0, 0
1992-02-29, 17.8, -2.8, 0, 0, 0
1992-03-01, 21.1, -1.1, 0, 0, 0
1992-03-02, 18.9, -1.7, 0, 0, 0
1992-03-03, 17.8, -2.2, 0, 0, 0
1992-03-04, 20, -1.1, 0, 0, 0
1992-03-05, 10, 0.6, 25.1, 0, 0
1992-03-06, 8.3, -1.1, 0, 0, 0
1992-03-07, 8.3, -2.8, 1, 0, 0
1992-03-08, 11.1, -2.2, 1.8, 0, 0
1992-03-09, 1.7, -11.1, 14.7, 76, 76
1992-03-10, -3.3, -11.7, 0, 0, 0
1992-03-11, 3.3, -8.9, 0, 0, 0
1992-03-12, 7.8, -1.1, 0, 0, 0
1992-03-13, 12.2, -2.2, 0, 0, 0
1992-03-14, 13.3, -3.3, 0, 0, 0
1992-03-15, 12.2, -5, 0, 0, 0
1992-03-16, 17.8, -5, 0, 0, 0
1992-03-17, 11.7, -1.1, 1.3, 0, 0
1992-03-18, 6.7, -2.8, 0, 0, 0
1992-03-19, 1.7, -6.1, 11.7, 102, 102
1992-03-20, 2.2, -4.4, 0, 0, NA
1992-03-21, 10.6, -4.4, 0, 0, 0
1992-03-22, -2.2, -9.4, 0, 0, 0
1992-03-23, 7.8, -6.7, 0, 0, 0
1992-03-24, 13.3, -6.7, 0, 0, 0
1992-03-25, 7.8, -7.8, 0, 0, 0
1992-03-26, 8.9, -6.1, 0, 0, 0
1992-03-27, 11.7, -3.3, 0, 0, 0
1992-03-28, 18.3, -0.6, 0, 0, 0
1992-03-29, 14.4, -5.6, 0, 0, 0
1992-03-30, 7.8, -4.4, 0, 0, 0
1992-03-31, 13.9, -3.9, 0, 0, 0
1992-04-01, 5, -10.6, 0, 0, 0
1992-04-02, 6.7, -7.2, 0, 0, 0
1992-04-03, 12.8, -1.7, 0, 0, 0
1992-04-04, 21.1, 1.1, 0, 0, 0
1992-04-05, 23.9, 3.9, 0, 0, 0
1992-04-06, 17.2, 0.6, 0, 0, 0
1992-04-07, 12.2, -2.8, 0, 0, 0
1992-04-08, 11.1, -3.3, 0, 0, 0
1992-04-09, 8.9, -2.8, 0, 0, 0
1992-04-10, 13.3, 1.7, 0, 0, 0
1992-04-11, 12.2, -0.6, 12.4, 0, 0
1992-04-12, 0, -8.9, 3, 0, 0
1992-04-13, 1.7, -7.2, 0, 0, 0
1992-04-14, 13.3, 0.6, 0, 0, 0
1992-04-15, 16.1, 1.7, 0.8, 0, 0
1992-04-16, 16.7, -0.6, 0, 0, 0
1992-04-17, 15.6, 1.1, 0, 0, 0
1992-04-18, 18.3, 4.4, 0, 0, 0
1992-04-19, 13.3, 2.8, 5.8, 0, 0
1992-04-20, 8.3, -0.6, 1.5, 0, 0
1992-04-21, 5, -6.7, 0, 0, 0
1992-04-22, 13.9, -5.6, 0, 0, 0
1992-04-23, 8.3, -5, 1.8, 0, 0
1992-04-24, 11.7, 1.1, 0, 0, 0
1992-04-25, 9.4, -2.8, 0, 0, 0
1992-04-26, 12.2, -3.9, 0, 0, 0
1992-04-27, 13.9, -1.1, 0, 0, 0
1992-04-28, 21.1, 1.7, 0, 0, 0
1992-04-29, 23.3, 3.9, 0, 0, 0
1992-04-30, 26.1, 7.8, 0, 0, 0
1992-05-01, 29.4, 8.3, 0, 0, 0
1992-05-02, 18.9, -1.1, 0, 0, 0
1992-05-03, 20, 1.1, 0, 0, 0
1992-05-04, 22.8, 2.8, 0, 0, 0
1992-05-05, 19.4, 2.8, 0, 0, 0
1992-05-06, 22.2, 5.6, 0, 0, 0
1992-05-07, 27.8, 6.1, 0, 0, 0
1992-05-08, 27.8, 8.3, 0, 0, 0
1992-05-09, 25, 6.7, 0, 0, 0
1992-05-10, 25, 4.4, 30.7, 0, 0
1992-05-11, 18.3, 3.3, 0, 0, 0
1992-05-12, 18.9, 3.9, 0, 0, 0
1992-05-13, 13.3, 5, 0, 0, 0
1992-05-14, 11.1, 4.4, 0, 0, 0
1992-05-15, 22.2, 5, 0, 0, 0
1992-05-16, 26.1, 5.6, 0, 0, 0
1992-05-17, 16.7, -2.8, 0.3, 0, 0
1992-05-18, 25.6, 6.7, 0, 0, 0
1992-05-19, 31.1, 8.3, 0, 0, 0
1992-05-20, 33.3, 13.3, 0, 0, 0
1992-05-21, 29.4, 13.3, 23.4, 0, 0
1992-05-22, 18.9, 5, 0, 0, 0
1992-05-23, 11.1, -0.6, 0, 0, 0
1992-05-24, 13.3, 0.6, 0, 0, 0
1992-05-25, 18.9, 1.7, 1, 0, 0
1992-05-26, 8.3, 0, 0, 0, 0
1992-05-27, 7.8, 1.1, 0, 0, 0
1992-05-28, 12.2, 0, 0, 0, 0
1992-05-29, 17.8, 2.8, 0, 0, 0
1992-05-30, 20.6, 3.9, 0, 0, 0
1992-05-31, 22.2, 9.4, 15, 0, 0
1992-06-01, 15, 7.2, 5.6, 0, 0
1992-06-02, 16.1, 3.3, 0.8, 0, 0
1992-06-03, 24.4, 3.3, 0, 0, 0
1992-06-04, 21.7, 2.2, 6.9, 0, 0
1992-06-05, 21.7, 6.1, 6.6, 0, 0
1992-06-06, 14.4, 1.7, 0, 0, 0
1992-06-07, 15, 5, 0, 0, 0
1992-06-08, 16.1, 3.3, 0.3, 0, 0
1992-06-09, 17.8, 5, 0, 0, 0
1992-06-10, 23.3, 6.1, 0, 0, 0
1992-06-11, 25, 8.3, 0, 0, 0
1992-06-12, 24.4, 10, 0, 0, 0
1992-06-13, 25.6, 11.7, 0, 0, 0
1992-06-14, 26.7, 11.7, 4.6, 0, 0
1992-06-15, 18.3, 11.7, 0, 0, 0
1992-06-16, 17.8, 3.9, 15.7, 0, 0
1992-06-17, 18.3, 4.4, 2, 0, 0
1992-06-18, 20, 7.8, 0, 0, 0
1992-06-19, 22.8, 8.3, 5.8, 0, 0
1992-06-20, 20, 9.4, 2.5, 0, 0
1992-06-21, 16.7, 8.3, 0, 0, 0
1992-06-22, 24.4, 8.9, 12.2, 0, 0
1992-06-23, 25, 8.9, 0, 0, 0
1992-06-24, 25.6, 8.9, 2, 0, 0
1992-06-25, 25, 7.8, 0, 0, 0
1992-06-26, 20.6, 7.8, 0, 0, 0
1992-06-27, 18.3, 9.4, 2.8, 0, 0
1992-06-28, 25.6, 11.1, 0, 0, 0
1992-06-29, 25, 8.9, 9.4, 0, 0
1992-06-30, 13.3, 10, 0, 0, 0
1992-07-01, 24.4, 8.3, 0, 0, 0
1992-07-02, 17.2, 8.3, 19.3, 0, 0
1992-07-03, 15, 3.3, 0, 0, 0
1992-07-04, 21.7, 7.2, 0, 0, 0
1992-07-05, 20, 10.6, 15.2, 0, 0
1992-07-06, 25, 12.8, 0, 0, 0
1992-07-07, 25.6, 11.7, 3.8, 0, 0
1992-07-08, 25.6, 10, 0, 0, 0
1992-07-09, 23.3, 9.4, 0, 0, 0
1992-07-10, 21.1, 7.8, 0, 0, 0
1992-07-11, 17.2, 11.7, 2.3, 0, 0
1992-07-12, 18.9, 10.6, 2, 0, 0
1992-07-13, 13.3, 11.1, 25.4, 0, 0
1992-07-14, 21.1, 8.3, 0, 0, 0
1992-07-15, 28.9, 11.7, 0, 0, 0
1992-07-16, 20, 6.1, 0, 0, 0
1992-07-17, 22.2, 7.2, 0, 0, 0
1992-07-18, 21.1, 6.7, 0, 0, 0
1992-07-19, 26.1, 10.6, 0, 0, 0
1992-07-20, 16.1, 8.9, 0, 0, 0
1992-07-21, 15.6, 8.9, 13.2, 0, 0
1992-07-22, 19.4, 8.3, 2, 0, 0
1992-07-23, 14.4, 8.9, 0, 0, 0
1992-07-24, 24.4, 11.1, 0, 0, 0
1992-07-25, 27.2, 12.8, 1.8, 0, 0
1992-07-26, 23.3, 10, 0, 0, 0
1992-07-27, 27.2, 10, 0.5, 0, 0
1992-07-28, 26.7, 12.2, 0, 0, 0
1992-07-29, 24.4, 11.7, 0, 0, 0
1992-07-30, 22.2, 6.7, 3.3, 0, 0
1992-07-31, 22.2, 7.2, 0, 0, 0
1992-08-01, 25, 7.2, 0, 0, 0
1992-08-02, 27.8, 9.4, 0, 0, 0
1992-08-03, 23.3, 10, 7.4, 0, 0
1992-08-04, 15.6, 12.2, 0, 0, 0
1992-08-05, 23.9, 7.2, 0, 0, 0
1992-08-06, 22.2, 9.4, 3.6, 0, 0
1992-08-07, 25.6, 11.1, 0, 0, 0
1992-08-08, 32.8, 11.7, 0, 0, 0
1992-08-09, 34.4, 12.2, 4.1, 0, 0
1992-08-10, 26.7, 11.1, 0, 0, 0
1992-08-11, 22.8, 10, 0, 0, 0
1992-08-12, 26.7, 5, 0, 0, 0
1992-08-13, 22.8, 7.2, 0, 0, 0
1992-08-14, 24.4, 6.7, 0, 0, 0
1992-08-15, 25, 6.1, 0, 0, 0
1992-08-16, 29.4, 7.8, 1.8, 0, 0
1992-08-17, 18.9, 13.3, 2, 0, 0
1992-08-18, 25, 9.4, 0, 0, 0
1992-08-19, 26.7, 11.7, 0, 0, 0
1992-08-20, 28.3, 9.4, 0, 0, 0
1992-08-21, 27.8, 9.4, 0, 0, 0
1992-08-22, 30.6, 10, 0, 0, 0
1992-08-23, 30.6, 11.1, 13.5, 0, 0
1992-08-24, 11.1, 5.6, 0, 0, 0
1992-08-25, 6.7, 4.4, 4.1, 0, 0
1992-08-26, 9.4, 4.4, 4.6, 0, 0
1992-08-27, 14.4, 2.8, 0, 0, 0
1992-08-28, 23.3, 3.9, 0, 0, 0
1992-08-29, 28.9, 4.4, 0, 0, 0
1992-08-30, 24.4, 0.6, 0, 0, 0
1992-08-31, 18.3, 1.1, 0, 0, 0
1992-09-01, 20.6, 5.6, 0, 0, 0
1992-09-02, 20.6, 7.8, 6.9, 0, 0
1992-09-03, 24.4, 5, 0, 0, 0
1992-09-04, 27.2, 7.2, 0, 0, 0
1992-09-05, 27.8, 8.3, 1, 0, 0
1992-09-06, 20.6, 3.9, 0, 0, 0
1992-09-07, 17.2, 3.3, 6.1, 0, 0
1992-09-08, 16.1, 0, 0, 0, 0
1992-09-09, 21.7, 8.3, 0, 0, 0
1992-09-10, 17.2, -0.6, 0, 0, 0
1992-09-11, 22.8, 2.8, 0, 0, 0
1992-09-12, 28.3, 7.8, 0, 0, 0
1992-09-13, 28.3, 6.7, 0, 0, 0
1992-09-14, 21.7, 2.2, 0, 0, 0
1992-09-15, 20, 2.8, 0, 0, 0
1992-09-16, 30.6, 6.7, 0, 0, 0
1992-09-17, 19.4, 7.2, 0, 0, 0
1992-09-18, 24.4, -1.7, 0, 0, 0
1992-09-19, 14.4, -1.7, 0, 0, 0
1992-09-20, 26.1, 5.6, 0, 0, 0
1992-09-21, 25.6, 9.4, 4.6, 0, 0
1992-09-22, 26.1, 2.2, 0, 0, 0
1992-09-23, 27.8, 7.2, 0, 0, 0
1992-09-24, 32.2, 7.2, 0, 0, 0
1992-09-25, 30, 9.4, 0, 0, 0
1992-09-26, 17.8, 5, 0, 0, 0
1992-09-27, 17.8, 1.7, 0, 0, 0
1992-09-28, 17.8, -2.8, 0, 0, 0
1992-09-29, 21.1, -2.8, 0, 0, 0
1992-09-30, 27.2, 4.4, 0, 0, 0
1992-10-01, 28.9, 4.4, 0, 0, 0
1992-10-02, 29.4, 4.4, 0, 0, 0
1992-10-03, 28.3, 3.9, 0, 0, 0
1992-10-04, 25.6, 3.9, 0, 0, 0
1992-10-05, 23.3, 6.1, 0, 0, 0
1992-10-06, 17.8, -1.1, 0, 0, 0
1992-10-07, 3.3, -0.6, 5.1, 0, 0
1992-10-08, 2.8, -6.7, 0, 0, 0
1992-10-09, 6.1, -5, 0, 0, 0
1992-10-10, 11.1, -1.7, 1.3, 0, 0
1992-10-11, 17.2, -0.6, 0, 0, 0
1992-10-12, 20.6, 0.6, 0, 0, 0
1992-10-13, 15.6, 1.1, 0, 0, 0
1992-10-14, 23.3, -3.9, 0, 0, 0
1992-10-15, 0.6, -3.9, 0, 0, 0
1992-10-16, 4.4, -11.7, 0, 0, 0
1992-10-17, 6.7, -6.1, 0, 0, 0
1992-10-18, 5, -6.1, 0, 0, 0
1992-10-19, 15, -4.4, 0, 0, 0
1992-10-20, 18.3, 0, 0, 0, 0
1992-10-21, 23.3, 1.7, 0, 0, 0
1992-10-22, 27.2, 6.7, 0, 0, 0
1992-10-23, 23.9, 6.1, 0, 0, 0
1992-10-24, 21.7, 0.6, 0, 0, 0
1992-10-25, 26.1, 1.1, 0, 0, 0
1992-10-26, 17.8, -3.3, 0, 0, 0
1992-10-27, 17.8, -2.2, 0, 0, 0
1992-10-28, 15, 1.7, 0, 0, 0
1992-10-29, 4.4, 0, 0, 0, 0
1992-10-30, 2.2, 0, 1.5, 0, 0
1992-10-31, NA, NA, NA, 0, 0
1992-11-01, 5.6, 0, 7.9, 0, 0
1992-11-02, 7.8, -2.8, 0, 0, 0
1992-11-03, 5, -3.9, 0, 0, 0
1992-11-04, 0.6, -4.4, 2.8, 0, 0
1992-11-05, 0.6, -12.2, 0, 0, 0
1992-11-06, -1.1, -11.1, 0, 0, 0
1992-11-07, 1.1, -8.3, 0, 0, 0
1992-11-08, 6.1, -4.4, 0.5, 0, 0
1992-11-09, 7.2, -2.2, 0, 0, 0
1992-11-10, 8.3, -7.2, 0, 0, 0
1992-11-11, 7.2, -5.6, 0, 0, 0
1992-11-12, 10, -5, 0, 0, 0
1992-11-13, 3.9, -8.3, 0, 0, 0
1992-11-14, 6.7, -3.9, 0, 0, 0
1992-11-15, 10, -2.8, 0, 0, 0
1992-11-16, 17.8, -1.7, 0, 0, 0
1992-11-17, 14.4, -4.4, 0, 0, 0
1992-11-18, 8.3, -4.4, 0, 0, 0
1992-11-19, 5, -5.6, 0, 0, 0
1992-11-20, 4.4, -6.7, 0, 0, 0
1992-11-21, 5, -8.3, 0, 0, 0
1992-11-22, 1.7, -5.6, 0, 0, 0
1992-11-23, 8.3, -5.6, 0, 0, 0
1992-11-24, -2.8, -8.3, 15.2, 25, 25
1992-11-25, -4.4, -13.3, 12.7, 25, 51
1992-11-26, -3.9, -16.1, 0, 0, 25
1992-11-27, 7.2, -11.7, 0, 0, 0
1992-11-28, 8.9, -9.4, 0, 0, 0
1992-11-29, 7.8, -8.9, 0, 0, 0
1992-11-30, 0, -11.1, 0, 0, 0
1992-12-01, 10.6, -2.8, 0, 0, 0
1992-12-02, 0.6, -11.1, 0, 0, 0
1992-12-03, -1.1, -11.1, 5.8, 89, 102
1992-12-04, -5.6, -21.1, 0, 0, 102
1992-12-05, -3.9, -18.3, 0, 0, 76
1992-12-06, 4.4, -16.7, 0, 0, 51
1992-12-07, 3.3, -13.3, 0, 0, 25
1992-12-08, 8.9, -9.4, 0, 0, 25
1992-12-09, 8.3, -7.8, 0, 0, 0
1992-12-10, 7.8, -7.8, 0, 0, 0
1992-12-11, 9.4, -6.7, 0, 0, 0
1992-12-12, 1.7, -7.2, 0, 0, 0
1992-12-13, -2.8, -8.3, 11.7, 191, 203
1992-12-14, -2.2, -20, 0, 0, 203
1992-12-15, 2.8, -8.3, 0, 0, 203
1992-12-16, 3.3, -11.1, 0, 0, 203
1992-12-17, -1.7, -18.9, 0, 0, 152
1992-12-18, -1.1, -16.1, 0, 0, 152
1992-12-19, -6.7, -22.8, 2.3, 76, 229
1992-12-20, -2.2, -21.7, 0, 0, 229
1992-12-21, 3.3, -9.4, 0, 0, 178
1992-12-22, 4.4, -13.9, 0, 0, 178
1992-12-23, 3.3, -15, 0, 0, 127
1992-12-24, 5, -15.6, 0, 0, 102
1992-12-25, 11.1, -12.2, 0, 0, 102
1992-12-26, 3.9, -13.9, 0, 0, 76
1992-12-27, 10, -8.3, 0, 0, 76
1992-12-28, 6.1, -18.3, 0, 0, 76
1992-12-29, -16.1, -21.7, 4.3, 25, 102
1992-12-30, -1.1, -22.2, 0, 0, 102
1992-12-31, -18.9, -27.2, 2.8, 89, 152
1993-01-01, -13.3, -25.6, 0, 0, 152
1993-01-02, 8.9, -13.3, 0, 0, 102
1993-01-03, 11.7, -8.3, NA, 25, 76
1993-01-04, -4.4, -18.3, NA, 3, 76
1993-01-05, -4.4, -18.3, 0, 0, 76
1993-01-06, -11.7, -21.7, 0, 0, 76
1993-01-07, -1.1, -20, 0, 0, 76
1993-01-08, -6.7, -19.4, 0, 0, 76
1993-01-09, -10, -17.2, 17.8, 305, 381
1993-01-10, -11.7, -20, 4.6, 51, 432
1993-01-11, -3.9, -19.4, 0, 0, 432
1993-01-12, -9.4, -19.4, 2.5, 38, 457
1993-01-13, -10.6, -27.2, 0, 0, 457
1993-01-14, -10.6, -26.1, 0, 0, 457
1993-01-15, -5.6, -23.3, 0, 0, 457
1993-01-16, 7.2, -10, 0, 0, 254
1993-01-17, 5, -15, 0, 0, 203
1993-01-18, 5, -15, 0, 0, 178
1993-01-19, 4.4, -13.3, 0, 0, 178
1993-01-20, 6.7, -11.1, 0, 0, 152
1993-01-21, 7.2, -7.8, 0, 0, 152
1993-01-22, 7.2, -10.6, 0, 0, 127
1993-01-23, 10.6, -10.6, 0, 0, 127
1993-01-24, 0, -15, 0, 0, 127
1993-01-25, -3.9, -13.3, 0, 0, 127
1993-01-26, 8.3, -6.7, 0, 0, 102
1993-01-27, 7.8, -5, 0, 0, 102
1993-01-28, 13.3, -5, 0, 0, 76
1993-01-29, 0, -12.8, 0, 0, 76
1993-01-30, 5.6, -10, 0, 0, 51
1993-01-31, 11.7, -6.1, 0, 0, 51
1993-02-01, 12.2, -8.3, 0, 0, 51
1993-02-02, 11.7, -7.8, NA, NA, 51
1993-02-03, 6.1, -3.3, NA, 89, 127
1993-02-04, 2.8, -8.3, 0, 0, 76
1993-02-05, 7.2, -8.3, 0, 0, 76
1993-02-06, 11.7, -8.3, 0, 0, 51
1993-02-07, 13.9, -8.3, 0, 0, 51
1993-02-08, 10.6, -7.2, 0, 0, 25
1993-02-09, 7.2, -7.2, 0, 0, 25
1993-02-10, 8.3, -9.4, 5.3, 58, 76
1993-02-11, -6.7, -15, 5.8, 51, 127
1993-02-12, -8.3, -16.1, 0, 0, 127
1993-02-13, 1.1, -16.1, 0, 0, 127
1993-02-14, 3.3, -12.8, 0, 0, 102
1993-02-15, -0.6, -18.3, 3.3, 28, 127
1993-02-16, -15.6, -27.2, 0, 0, 127
1993-02-17, -18.3, -30.6, 0, 0, 127
1993-02-18, -13.9, -30, 0, 0, 127
1993-02-19, 3.9, -20.6, 0, 0, 127
1993-02-20, -6.7, -13.9, 0, 0, 127
1993-02-21, -6.7, -14.4, 3.3, 38, 152
1993-02-22, -11.1, -23.3, 0, 0, NA
1993-02-23, -9.4, -22.8, 0, 0, 152
1993-02-24, -7.8, -22.2, 2.8, 38, 203
1993-02-25, -11.1, -13.3, 1, 25, 229
1993-02-26, -10, -21.7, 0, 0, 229
1993-02-27, -2.2, -20.6, 0, 0, 229
1993-02-28, 8.3, -12.8, 0, 0, 152
1993-03-01, 10, -12.2, 0, 0, 127
1993-03-02, 9.4, -9.4, 0, 0, 76
1993-03-03, 11.1, -5, 0, 0, 51
1993-03-04, 2.2, -8.3, 0, 0, 51
1993-03-05, 7.2, -8.3, 0, 0, 51
1993-03-06, 9.4, -4.4, 0, 0, 25
1993-03-07, 12.8, -3.3, 0, 0, 25
1993-03-08, 13.3, -5, 0, 0, 0
1993-03-09, 7.2, -5, 0, 0, 0
1993-03-10, 5.6, -7.8, 0, 0, 0
1993-03-11, -0.6, -9.4, 6.1, 127, 127
1993-03-12, -2.8, -14.4, 0, 0, 127
1993-03-13, -6.7, -18.9, 0, 0, 127
1993-03-14, -1.7, -15, 0, 0, 127
1993-03-15, 11.1, -4.4, 0, 0, 51
1993-03-16, 12.8, -9.4, 0, 0, 0
1993-03-17, -7.2, -13.9, 1.8, 25, 25
1993-03-18, -2.2, -10.6, 0, 0, 0
1993-03-19, 10, -5, 0, 0, 0
1993-03-20, 7.8, -3.3, 6.6, 0, 0
1993-03-21, 7.8, -2.2, 0, 0, 0
1993-03-22, 3.3, -5.6, 0, 0, 0
1993-03-23, 10.6, -3.3, 0, 0, 0
1993-03-24, 18.9, -2.2, 0, 0, 0
1993-03-25, 21.7, -1.7, 0, 0, 0
1993-03-26, 22.8, -0.6, 0, 0, 0
1993-03-27, 22.8, 3.3, 0, 0, 0
1993-03-28, 20, 4.4, 0, 0, 0
1993-03-29, 8.3, 1.7, 10.7, 0, 0
1993-03-30, 5, 0.6, 0.5, 0, 0
1993-03-31, 5, -1.1, 1, 0, 0
1993-04-01, 6.1, -2.8, 0, 0, 0
1993-04-02, 6.1, -3.3, 0, 0, 0
1993-04-03, 4.4, -1.7, 0, 0, 0
1993-04-04, 6.1, -4.4, 0, 0, 0
1993-04-05, 11.7, 0, 0, 0, 0
1993-04-06, 15.6, 1.1, 0, 0, 0
1993-04-07, 0.6, -1.1, 26.7, 229, 229
1993-04-08, 3.3, -4.4, 0, 0, 102
1993-04-09, 12.2, -1.7, 0, 0, NA
1993-04-10, 15.6, 1.7, 3.8, 0, 0
1993-04-11, 11.1, -3.3, 0, 0, 0
1993-04-12, 10.6, -0.6, 3.3, NA, NA
1993-04-13, 3.3, -1.1, 15.7, 76, 102
1993-04-14, 0.6, -1.7, 11.9, 89, 152
1993-04-15, 2.8, -5, 0, 0, NA
1993-04-16, 7.8, -4.4, 0, 0, NA
1993-04-17, 11.1, -3.9, 0, 0, NA
1993-04-18, 16.1, -3.9, 4.3, 0, 0
1993-04-19, 13.3, -1.1, 0, 0, 0
1993-04-20, 3.3, -2.8, 1.3, 0, 0
1993-04-21, 7.2, -7.8, 0, 0, 0
1993-04-22, 15.6, 1.1, 0, 0, 0
1993-04-23, 19.4, 1.1, 0, 0, 0
1993-04-24, 15.6, 0.6, 0, 0, 0
1993-04-25, 13.9, -0.6, 0.3, 0, 0
1993-04-26, 11.7, -1.1, 0, 0, 0
1993-04-27, 19.4, 2.8, 0, 0, 0
1993-04-28, 15.6, 2.2, 0, 0, 0
1993-04-29, 12.2, -2.2, 0, 0, 0
1993-04-30, 13.9, 0, 20.3, 38, 51
1993-05-01, 2.8, -1.7, 12.2, 114, 51
1993-05-02, 9.4, -2.8, 0, 0, 0
1993-05-03, 16.7, -2.8, 0, 0, 0
1993-05-04, 20, 5, 0, 0, 0
1993-05-05, 22.8, 7.2, 15.2, 0, 0
1993-05-06, 14.4, 7.2, 34.8, 0, 0
1993-05-07, 12.8, 5, 9.1, 0, 0
1993-05-08, 18.3, 2.2, 45.7, 0, 0
1993-05-09, 8.9, 2.2, 1.3, 0, 0
1993-05-10, 13.9, -1.1, 0, 0, 0
1993-05-11, 18.3, 0, 0, 0, 0
1993-05-12, 17.8, 2.8, 0, 0, 0
1993-05-13, 19.4, 4.4, 0, 0, 0
1993-05-14, 26.1, 10, 0, 0, 0
1993-05-15, 21.7, 9.4, 0, 0, 0
1993-05-16, 15.6, 4.4, 1.5, 0, 0
1993-05-17, 18.9, 3.9, 3, 0, 0
1993-05-18, 17.8, 3.3, 0, 0, 0
1993-05-19, 15.6, 1.7, 0, 0, 0
1993-05-20, 12.2, -1.1, 0, 0, 0
1993-05-21, 17.8, 0, 0, 0, 0
1993-05-22, 24.4, 6.7, 29.2, 0, 0
1993-05-23, 19.4, 5, 7.9, 0, 0
1993-05-24, 14.4, 0.6, 0, 0, 0
1993-05-25, 15, 0.6, 0, 0, 0
1993-05-26, 22.8, 5, 0, 0, 0
1993-05-27, 28.3, 6.1, 0, 0, 0
1993-05-28, 20, 8.9, 0, 0, 0
1993-05-29, 21.1, 8.3, 0, 0, 0
1993-05-30, 22.2, 7.8, 5.8, 0, 0
1993-05-31, 18.9, 5, 0, 0, 0
1993-06-01, 20, 5, 3.8, 0, 0
1993-06-02, 15.6, 5.6, 8.6, 0, 0
1993-06-03, 8.3, 5.6, 10.9, 0, 0
1993-06-04, 6.1, 2.8, 17, 0, 0
1993-06-05, 12.2, 5.6, 0, 0, 0
1993-06-06, 20, 8.9, 0.8, 0, 0
1993-06-07, 15, 7.8, 61, 0, 0
1993-06-08, 13.9, 7.8, 0, 0, 0
1993-06-09, 15.6, 8.3, 0, 0, 0
1993-06-10, 21.1, 5, 0, 0, 0
1993-06-11, 25, 10, 0, 0, 0
1993-06-12, 26.7, 11.7, 1.5, 0, 0
1993-06-13, 26.1, 4.4, 0, 0, 0
1993-06-14, 20, 3.9, 0, 0, 0
1993-06-15, 18.9, 6.7, 0, 0, 0
1993-06-16, 25.6, 9.4, 1, 0, 0
1993-06-17, 21.7, 8.3, 21.6, 0, 0
1993-06-18, 9.4, 7.8, 8.4, 0, 0
1993-06-19, 10, 6.1, 5.3, 0, 0
1993-06-20, 24.4, 7.2, 0, 0, 0
1993-06-21, 26.7, 8.9, 0, 0, 0
1993-06-22, 28.3, 11.7, 2.8, 0, 0
1993-06-23, 27.8, 8.9, 0, 0, 0
1993-06-24, 23.3, 1.1, 0, 0, 0
1993-06-25, 18.3, 5.6, 0, 0, 0
1993-06-26, 21.1, 5, 0, 0, 0
1993-06-27, 23.3, 8.9, 0, 0, 0
1993-06-28, 27.2, 10.6, 0, 0, 0
1993-06-29, 26.7, 11.7, 1.3, 0, 0
1993-06-30, 22.8, 8.9, 0, 0, 0
1993-07-01, 20.6, 11.1, 1.5, 0, 0
1993-07-02, 22.2, 11.1, 0, 0, 0
1993-07-03, 23.3, 13.9, 5.6, 0, 0
1993-07-04, 22.8, 10.6, 0, 0, 0
1993-07-05, 19.4, 9.4, 0, 0, 0
1993-07-06, 21.7, 10, 5.6, 0, 0
1993-07-07, 20, 5, 0, 0, 0
1993-07-08, 23.3, 5.6, 0, 0, 0
1993-07-09, 18.3, 3.9, 0.5, 0, 0
1993-07-10, 24.4, 8.3, 0, 0, 0
1993-07-11, 24.4, 6.7, 1.3, 0, 0
1993-07-12, 18.3, 10.6, 0, 0, 0
1993-07-13, 26.7, 10.6, 1, 0, 0
1993-07-14, 16.7, 10.6, 0, 0, 0
1993-07-15, 17.8, 8.9, 0.8, 0, 0
1993-07-16, 26.1, 12.2, 24.9, 0, 0
1993-07-17, 22.2, 11.1, 34.3, 0, 0
1993-07-18, 20, 10.6, 3.3, 0, 0
1993-07-19, 20.6, 7.8, 0, 0, 0
1993-07-20, 19.4, 8.3, 0, 0, 0
1993-07-21, 22.2, 8.3, 2.5, 0, 0
1993-07-22, 25, 11.1, 0, 0, 0
1993-07-23, 22.2, 11.7, 0.5, 0, 0
1993-07-24, 22.8, 11.7, 0, 0, 0
1993-07-25, 22.8, 7.8, 4.1, 0, 0
1993-07-26, 22.2, 12.2, 0.8, 0, 0
1993-07-27, 22.2, 5.6, 8.1, 0, 0
1993-07-28, 20, 6.7, 0, 0, 0
1993-07-29, 24.4, 8.9, 0, 0, 0
1993-07-30, 28.3, 10.6, 0, 0, 0
1993-07-31, 32.2, 12.2, 1, 0, 0
1993-08-01, 32.2, 7.8, 0, 0, 0
1993-08-02, 24.4, 8.9, 0, 0, 0
1993-08-03, 21.7, 7.2, 0, 0, 0
1993-08-04, 17.8, 6.7, 0, 0, 0
1993-08-05, 20, 8.3, 0, 0, 0
1993-08-06, 21.1, 7.2, 0, 0, 0
1993-08-07, 22.2, 8.3, 1.3, 0, 0
1993-08-08, 26.1, 10.6, 0, 0, 0
1993-08-09, 30, 10.6, 0, 0, 0
1993-08-10, 30, 10.6, 0, 0, 0
1993-08-11, 27.8, 12.8, 0, 0, 0
1993-08-12, 30.6, 12.8, 1.5, 0, 0
1993-08-13, 17.2, 11.7, 12.7, 0, 0
1993-08-14, 25.6, 12.2, 1.3, 0, 0
1993-08-15, 25, 11.7, 0, 0, 0
1993-08-16, 25, 8.9, 6.9, 0, 0
1993-08-17, 26.7, 11.1, 0, 0, 0
1993-08-18, 25, 11.1, 0, 0, 0
1993-08-19, 22.2, 9.4, 0, 0, 0
1993-08-20, 24.4, 12.2, 19.6, 0, 0
1993-08-21, 22.8, 12.8, 1.3, 0, 0
1993-08-22, 27.2, 10, 0, 0, 0
1993-08-23, 22.8, 10, 0, 0, 0
1993-08-24, 26.7, 8.3, 0, 0, 0
1993-08-25, 32.8, 10.6, 0, 0, 0
1993-08-26, 22.8, 12.8, 0, 0, 0
1993-08-27, 16.1, 6.7, 0, 0, 0
1993-08-28, 21.1, 7.8, 0, 0, 0
1993-08-29, 23.3, 9.4, 0, 0, 0
1993-08-30, 20.6, 7.2, 0, 0, 0
1993-08-31, 15.6, 7.2, 0, 0, 0
1993-09-01, 22.8, 2.8, 0, 0, 0
1993-09-02, 22.8, 6.7, 0.8, 0, 0
1993-09-03, 16.7, 1.7, 0, 0, 0
1993-09-04, 25.6, 4.4, 0, 0, 0
1993-09-05, 20, 7.8, 1, 0, 0
1993-09-06, 20, 3.3, 8.9, 0, 0
1993-09-07, 15.6, 4.4, 0, 0, 0
1993-09-08, 16.7, 2.8, 0, 0, 0
1993-09-09, 25.6, 7.8, 0, 0, 0
1993-09-10, 18.3, 1.7, 0, 0, 0
1993-09-11, 22.8, 1.7, 0, 0, 0
1993-09-12, 28.3, 7.8, 0, 0, 0
1993-09-13, 23.3, 1.1, 0, 0, 0
1993-09-14, 5.6, -5, 0, 0, 0
1993-09-15, 12.8, -4.4, 0, 0, 0
1993-09-16, 25, 5.6, 0, 0, 0
1993-09-17, 13.9, 3.9, 0, 0, 0
1993-09-18, 7.2, 5, 2.5, 0, 0
1993-09-19, 7.2, 5, 15, 0, 0
1993-09-20, 11.7, 1.7, 2.3, 0, 0
1993-09-21, 21.1, 3.3, 0, 0, 0
1993-09-22, 18.9, 5.6, 0, 0, 0
1993-09-23, 12.2, -0.6, 0, 0, 0
1993-09-24, 15.6, 1.7, 0, 0, 0
1993-09-25, 17.8, 1.7, 0, 0, 0
1993-09-26, 18.3, 2.8, 0, 0, 0
1993-09-27, 15, 1.1, 0, 0, 0
1993-09-28, 21.7, 5.6, 0, 0, 0
1993-09-29, 13.9, 5, 0, 0, 0
1993-09-30, 16.7, 1.1, 0, 0, 0
1993-10-01, 22.8, 0.6, 0, 0, 0
1993-10-02, 11.1, -1.7, 0, 0, 0
1993-10-03, 17.2, -1.7, 0, 0, 0
1993-10-04, 17.2, 2.8, 0, 0, 0
1993-10-05, 16.7, 5.6, 0, 0, 0
1993-10-06, 27.8, 3.9, 0, 0, 0
1993-10-07, 27.2, 4.4, 0, 0, 0
1993-10-08, 7.8, -2.2, 0, 0, 0
1993-10-09, -1.7, -10, 1.8, 64, NA
1993-10-10, 4.4, -3.9, 0, 0, NA
1993-10-11, 11.1, -2.8, 0, 0, 0
1993-10-12, 18.3, -1.1, 0, 0, 0
1993-10-13, 15.6, -0.6, 0, 0, 0
1993-10-14, 16.1, 3.9, 2.3, 0, 0
1993-10-15, 14.4, 1.1, 10.7, 0, 0
1993-10-16, 15, 1.1, 7.6, 0, 0
1993-10-17, 7.2, -0.6, 0.5, 0, 0
1993-10-18, 12.8, 1.1, 0, 0, 0
1993-10-19, 11.7, 0.6, 5.3, 0, 0
1993-10-20, 16.7, -1.7, 0, 0, 0
1993-10-21, 8.3, -5.6, 0, 0, 0
1993-10-22, 17.8, -5, 0, 0, 0
1993-10-23, 16.7, -1.7, 0, 0, 0
1993-10-24, 21.1, -0.6, 0, 0, 0
1993-10-25, 22.8, 3.9, 0, 0, 0
1993-10-26, 10.6, -3.3, 0, 0, 0
1993-10-27, 7.8, -6.7, 0, 0, 0
1993-10-28, 13.9, -1.7, 0, 0, 0
1993-10-29, 4.4, -9.4, 0, 0, 0
1993-10-30, -3.9, -16.1, 0, 0, 0
1993-10-31, 1.7, -15, 0, 0, 0
1993-11-01, 14.4, -5.6, 0, 0, 0
1993-11-02, 8.9, -8.3, 0, 0, 0
1993-11-03, 7.2, 0, 0, 0, 0
1993-11-04, 16.1, -2.2, 0, 0, 0
1993-11-05, -1.7, -9.4, 0, 0, 0
1993-11-06, -2.8, -13.9, 0, 0, 0
1993-11-07, 5.6, -8.3, 0, 0, 0
1993-11-08, 5.6, -7.2, 0, 0, 0
1993-11-09, 6.7, -7.8, 0, 0, 0
1993-11-10, 8.3, -7.2, 0, 0, 0
1993-11-11, 13.3, -6.7, 0, 0, 0
1993-11-12, 12.2, -4.4, 0, 0, 0
1993-11-13, 1.7, -5.6, 1.5, 13, 25
1993-11-14, 2.2, -5, 3.8, 64, 76
1993-11-15, -0.6, -10, 0, 0, 76
1993-11-16, 6.7, -7.2, 0, 0, 0
1993-11-17, 10.6, -7.2, 0, 0, 0
1993-11-18, 11.7, -3.9, 0, 0, 0
1993-11-19, 10.6, -6.1, 0, 0, 0
1993-11-20, 2.8, -7.2, 0, 0, 0
1993-11-21, 12.2, -5.6, 0, 0, 0
1993-11-22, 12.8, -7.2, 0, 0, 0
1993-11-23, -7.2, -16.1, 6.4, 109, 102
1993-11-24, -14.4, -22.2, 0, 0, 102
1993-11-25, -16.1, -24.4, 0, 0, NA
1993-11-26, -9.4, -16.1, 1, 102, 127
1993-11-27, 3.3, -9.4, 0, 0, 127
1993-11-28, 8.9, -1.1, 0, 0, 76
1993-11-29, 10.6, -6.1, 0, 0, NA
1993-11-30, 10, -3.9, 0, 0, NA
1993-12-01, 12.2, -2.2, 0, 0, 0
1993-12-02, 12.2, -5.6, 0, 0, 0
1993-12-03, 7.8, -2.8, 0, 0, 0
1993-12-04, 6.1, -5, 0, 0, 0
1993-12-05, 10, -3.9, 0, 0, 0
1993-12-06, 0.6, -12.2, 0, 0, 0
1993-12-07, 1.1, -12.2, 0, 0, 0
1993-12-08, 6.1, -6.7, 0, 0, 0
1993-12-09, 11.7, 2.2, 0, 0, 0
1993-12-10, 10.6, -5.6, 0, 0, 0
1993-12-11, 8.9, -5.6, 0, 0, 0
1993-12-12, 19.4, 0.6, 0, 0, 0
1993-12-13, 14.4, -0.6, 0, 0, 0
1993-12-14, 4.4, -9.4, 0, 0, 0
1993-12-15, 3.9, -12.8, 0, 0, 0
1993-12-16, -2.2, -12.8, 0, 0, 0
1993-12-17, -3.3, -7.2, 10.2, 132, 127
1993-12-18, -1.1, -15, 0, 0, 127
1993-12-19, 0.6, -13.3, 0, 0, 127
1993-12-20, -0.6, -12.2, 0, 0, 127
1993-12-21, 3.9, -12.8, 0, 0, 102
1993-12-22, -2.8, -16.7, 0, 0, 102
1993-12-23, -0.6, -16.7, 0, 0, 102
1993-12-24, 1.7, -11.1, 0, 0, 102
1993-12-25, 6.7, -11.1, 0, 0, 76
1993-12-26, 8.3, -4.4, 0, 0, 51
1993-12-27, 8.9, -12.8, 0, 0, 25
1993-12-28, -0.6, -13.9, 0, 0, 25
1993-12-29, 5.6, -12.2, 0, 0, 25
1993-12-30, 3.9, -10, 0, 0, 25
1993-12-31, 8.9, -8.3, 0, 0, 25
1994-01-01, 6.7, -6.7, 0, 0, 0
1994-01-02, 8.3, -6.7, 0, 0, 0
1994-01-03, 3.9, -5.6, 0, 0, 0
1994-01-04, 6.1, -8.9, 0, 0, 0
1994-01-05, 4.4, -7.2, 0, 0, 0
1994-01-06, 5.6, -16.7, 0, 0, 0
1994-01-07, -5, -12.2, 0, 0, 0
1994-01-08, -2.8, -8.3, 0, 0, 0
1994-01-09, 5, -10, 0, 0, 0
1994-01-10, 4.4, -8.3, 0, 0, 0
1994-01-11, 0, -7.2, 0, 0, 0
1994-01-12, 8.3, -6.1, 0, 0, 0
1994-01-13, 5.6, -4.4, 0, 0, 0
1994-01-14, 4.4, -15.6, 4.3, 51, 51
1994-01-15, -11.7, -15.6, 1.5, 25, 76
1994-01-16, 3.9, -13.9, 0, 0, 76
1994-01-17, -8.3, -19.4, 0, 0, NA
1994-01-18, -18.9, -21.7, 4.1, 38, 127
1994-01-19, -7.2, -20, 0, 0, 127
1994-01-20, -8.9, -17.8, 1.3, 25, 152
1994-01-21, 1.1, -11.1, 0, 0, 152
1994-01-22, 6.1, -7.2, 0, 0, 76
1994-01-23, 12.2, -7.2, 0, 0, 25
1994-01-24, 12.8, -7.2, 0, 0, 25
1994-01-25, 2.8, -8.9, 0, 0, 25
1994-01-26, -1.7, -10, 0, 0, 25
1994-01-27, -1.1, -11.1, 0, 0, 25
1994-01-28, 0.6, -7.8, 0, 0, 25
1994-01-29, 2.8, -9.4, 0, 0, 25
1994-01-30, -1.7, -15.6, 0, 0, 25
1994-01-31, -8.3, -17.2, 0, 0, 25
1994-02-01, -5, -11.7, 0, 0, 25
1994-02-02, -2.8, -11.7, 0, 0, 25
1994-02-03, -2.8, -18.3, 1.5, 38, 76
1994-02-04, -5, -18.9, 0, 0, 51
1994-02-05, 1.1, -15.6, 0, 0, 51
1994-02-06, 6.7, -12.8, 0, 0, 25
1994-02-07, -11.1, -25, 4.1, 13, 25
1994-02-08, -22.2, -25.6, 3.8, 38, 51
1994-02-09, -21.7, -30.6, 0, 0, 51
1994-02-10, 1.7, -21.7, 0, 0, 51
1994-02-11, 0.6, -10.6, 0, 0, 51
1994-02-12, -0.6, -12.8, 0, 0, 51
1994-02-13, 1.7, -10.6, 0, 0, 51
1994-02-14, 8.9, -7.2, 0, 0, 0
1994-02-15, 9.4, -10, 0, 0, 0
1994-02-16, 11.7, -7.2, 0, 0, 0
1994-02-17, 11.7, -5.6, 0, 0, 0
1994-02-18, 16.1, -3.3, 0, 0, 0
1994-02-19, 13.3, -1.1, 0, 0, 0
1994-02-20, 0, -8.3, 2.8, 38, 51
1994-02-21, -3.9, -15.6, 2.5, 51, 102
1994-02-22, -12.2, -15.6, 2.5, 38, 127
1994-02-23, -11.1, -17.8, 0.5, 25, 152
1994-02-24, 4.4, -9.4, 0, 0, 102
1994-02-25, -4.4, -22.8, 4.1, 69, 178
1994-02-26, -2.2, -22.2, 0, 0, 102
1994-02-27, 5.6, -8.3, 0, 0, 51
1994-02-28, 5, -5.6, 0, 0, 25
1994-03-01, 4.4, -5, 0, 0, 25
1994-03-02, 11.1, -3.3, 0, 0, 0
1994-03-03, 16.7, -2.2, 0, 0, 0
1994-03-04, 18.9, -2.2, 0, 0, 0
1994-03-05, 16.1, -0.6, 0, 0, 0
1994-03-06, 10.6, -2.8, 7.6, 102, 102
1994-03-07, 5.6, -7.2, 0, 0, 25
1994-03-08, 5.6, -13.3, 0, 0, 0
1994-03-09, 4.4, -12.2, 0, 0, 0
1994-03-10, 5.6, -12.8, 0, 0, 0
1994-03-11, 14.4, -3.3, 0, 0, 0
1994-03-12, 3.3, -2.8, 0, 0, 0
1994-03-13, 12.8, -3.9, 0, 0, 0
1994-03-14, 17.2, -3.9, 0, 0, 0
1994-03-15, 15, -5, 0, 0, 0
1994-03-16, 10, -3.9, 0, 0, 0
1994-03-17, 22.2, 5.6, 0, 0, 0
1994-03-18, 11.7, -5, 0, 0, 0
1994-03-19, 16.1, -4.4, 0, 0, 0
1994-03-20, 20, -1.7, 0, 0, 0
1994-03-21, 7.2, -6.7, 0, 0, 0
1994-03-22, 16.1, -3.9, 0, 0, 0
1994-03-23, 8.3, -3.3, 2.3, 25, 25
1994-03-24, -2.8, -13.9, 1.3, 13, 25
1994-03-25, -0.6, -12.2, 0, 0, 0
1994-03-26, 3.3, -6.7, 0, 0, 0
1994-03-27, 3.3, -8.3, 2, 20, 25
1994-03-28, 0.6, -12.2, 0, 0, 0
1994-03-29, 2.8, -6.7, 0, 0, 0
1994-03-30, 0, -13.3, 5.1, 89, 51
1994-03-31, 12.8, -4.4, 0, 0, 0
1994-04-01, 14.4, -3.9, 0, 0, 0
1994-04-02, 16.7, 0.6, 0, 0, 0
1994-04-03, 11.1, -5.6, 0, 0, 0
1994-04-04, 17.8, -3.3, 2.8, 89, 102
1994-04-05, -2.2, -11.1, 1, 38, 127
1994-04-06, 2.2, -10.6, 0, 0, 25
1994-04-07, 8.9, -4.4, 0, 0, 0
1994-04-08, 15.6, -1.7, 2.8, 0, 0
1994-04-09, 10.6, -5.6, 0, 0, 0
1994-04-10, 10.6, -5, 0, 0, 0
1994-04-11, 7.8, -5, 0, 0, 0
1994-04-12, 13.9, -5.6, 0, 0, 0
1994-04-13, 16.1, -5.6, 0, 0, 0
1994-04-14, 15.6, -1.1, 0, 0, 0
1994-04-15, 6.7, -4.4, 0, 0, 0
1994-04-16, 14.4, 0.6, 0, 0, 0
1994-04-17, 24.4, 3.9, 0, 0, 0
1994-04-18, 26.7, 5.6, 0, 0, 0
1994-04-19, 22.2, 2.8, 0, 0, 0
1994-04-20, 20, 2.8, 0, 0, 0
1994-04-21, 21.7, 4.4, 0, 0, 0
1994-04-22, 21.7, 4.4, 2.8, 0, 0
1994-04-23, 26.1, 10.6, 0, 0, 0
1994-04-24, 22.2, 5, 0, 0, 0
1994-04-25, 18.9, 2.2, 4.6, 0, 0
1994-04-26, 3.3, -6.1, 21.6, 191, 203
1994-04-27, -3.9, -12.2, 2.8, 64, 254
1994-04-28, -1.1, -8.9, 5.1, 64, 330
1994-04-29, -0.6, -3.9, 0.5, 13, 305
1994-04-30, 0, -3.9, 0, 0, 203
1994-05-01, 10, -3.9, 0, 0, 0
1994-05-02, 12.2, -3.9, 0, 0, 0
1994-05-03, 10.6, 0.6, 0, 0, 0
1994-05-04, 15.6, -0.6, 4.1, 0, 0
1994-05-05, 18.9, -0.6, 0.5, 0, 0
1994-05-06, 8.9, 3.3, 23.4, 0, 0
1994-05-07, 8.9, -1.1, 0, 0, 0
1994-05-08, 21.1, -0.6, 0, 0, 0
1994-05-09, 18.3, 0.6, 0, 0, 0
1994-05-10, 20, 2.2, 0, 0, 0
1994-05-11, 26.7, 7.8, 0, 0, 0
1994-05-12, 23.3, 4.4, 0, 0, 0
1994-05-13, 26.1, 11.1, 0, 0, 0
1994-05-14, 26.1, 3.3, 22.4, 0, 0
1994-05-15, 17.2, 2.2, 0, 0, 0
1994-05-16, 22.2, 4.4, 0, 0, 0
1994-05-17, 30, 11.7, 0, 0, 0
1994-05-18, 27.8, 10, 0, 0, 0
1994-05-19, 27.8, 10.6, 0, 0, 0
1994-05-20, 26.7, 8.9, 4.6, 0, 0
1994-05-21, 20.6, 11.7, 5.3, 0, 0
1994-05-22, 22.2, 4.4, 0, 0, 0
1994-05-23, 25, 7.8, 0, 0, 0
1994-05-24, 23.9, 6.7, 2.8, 0, 0
1994-05-25, 21.1, 6.7, 0, 0, 0
1994-05-26, 19.4, 2.8, 0, 0, 0
1994-05-27, 20, 6.1, 0, 0, 0
1994-05-28, 26.7, 6.1, 0, 0, 0
1994-05-29, 22.8, 4.4, 0, 0, 0
1994-05-30, 25, 8.9, 0, 0, 0
1994-05-31, 20.6, 7.2, 0, 0, 0
1994-06-01, 20.6, 10, 0, 0, 0
1994-06-02, 20.6, 11.1, 2.3, 0, 0
1994-06-03, 13.3, 6.7, 8.9, 0, 0
1994-06-04, 25, 11.7, 0, 0, 0
1994-06-05, 22.2, 8.3, 11.9, 0, 0
1994-06-06, 24.4, 10, 3.8, 0, 0
1994-06-07, 23.3, 11.1, 0, 0, 0
1994-06-08, 32.8, 5.6, 2.5, 0, 0
1994-06-09, 19.4, 2.2, 0, 0, 0
1994-06-10, 20, 8.3, 0, 0, 0
1994-06-11, 24.4, 6.1, 0, 0, 0
1994-06-12, 23.9, 8.3, 0, 0, 0
1994-06-13, 23.9, 7.8, 0, 0, 0
1994-06-14, 32.2, 8.9, 0, 0, 0
1994-06-15, 26.1, 6.7, 0, 0, 0
1994-06-16, 18.9, 7.2, 5.1, 0, 0
1994-06-17, 16.1, 9.4, 1.3, 0, 0
1994-06-18, 21.1, 11.7, 0, 0, 0
1994-06-19, 23.3, 12.2, 0, 0, 0
1994-06-20, 31.1, 13.3, 11.9, 0, 0
1994-06-21, 22.8, 10, 1, 0, 0
1994-06-22, 26.1, 11.7, 0, 0, 0
1994-06-23, 21.1, 9.4, 0.5, 0, 0
1994-06-24, 24.4, 8.9, 0, 0, 0
1994-06-25, 29.4, 13.3, 0, 0, 0
1994-06-26, 27.2, 6.1, 0, 0, 0
1994-06-27, 29.4, 7.8, 0, 0, 0
1994-06-28, 25.6, 7.8, 0, 0, 0
1994-06-29, 28.3, 7.8, 0, 0, 0
1994-06-30, 30.6, 11.1, 0, 0, 0
1994-07-01, 30.6, 9.4, 0, 0, 0
1994-07-02, 22.2, 11.7, 1, 0, 0
1994-07-03, 30, 12.2, 0, 0, 0
1994-07-04, 25, 10.6, 0, 0, 0
1994-07-05, 26.1, 10.6, 0, 0, 0
1994-07-06, 24.4, 10.6, 3.8, 0, 0
1994-07-07, 15.6, 10.6, 10.2, 0, 0
1994-07-08, 15, 5.6, 0.8, 0, 0
1994-07-09, 21.7, 6.1, 0, 0, 0
1994-07-10, 27.8, 9.4, 0, 0, 0
1994-07-11, 33.9, 9.4, 0.8, 0, 0
1994-07-12, 25.6, 11.7, 0, 0, 0
1994-07-13, 24.4, 11.7, 1, 0, 0
1994-07-14, 20.6, 8.3, 1.3, 0, 0
1994-07-15, 22.8, 8.3, 0, 0, 0
1994-07-16, 24.4, 8.3, 2.5, 0, 0
1994-07-17, 21.7, 8.3, 1.3, 0, 0
1994-07-18, 29.4, 10, 0, 0, 0
1994-07-19, 28.3, 10, 0, 0, 0
1994-07-20, 30.6, 7.8, 0, 0, 0
1994-07-21, 23.3, 9.4, 0, 0, 0
1994-07-22, 27.8, 7.8, 0, 0, 0
1994-07-23, 29.4, 8.9, 0, 0, 0
1994-07-24, 23.3, 12.8, 0, 0, 0
1994-07-25, 25.6, 8.9, 0, 0, 0
1994-07-26, 25.6, 6.1, 1.8, 0, 0
1994-07-27, 25, 4.4, 0, 0, 0
1994-07-28, 26.1, 8.9, 0, 0, 0
1994-07-29, 30, 12.2, 0, 0, 0
1994-07-30, 28.3, 12.2, 0, 0, 0
1994-07-31, 31.1, 12.8, 0, 0, 0
1994-08-01, 21.7, 10.6, 0.8, 0, 0
1994-08-02, 27.2, 14.4, 0, 0, 0
1994-08-03, 28.3, 12.2, 16, 0, 0
1994-08-04, 26.1, 10.6, 1, 0, 0
1994-08-05, 20.6, 11.1, 0, 0, 0
1994-08-06, 28.3, 13.3, 0, 0, 0
1994-08-07, 31.7, 13.9, 0, 0, 0
1994-08-08, 28.3, 11.7, 1.3, 0, 0
1994-08-09, 18.3, 11.7, 0, 0, 0
1994-08-10, 25, 14.4, 2.5, 0, 0
1994-08-11, 22.2, 11.1, 0, 0, 0
1994-08-12, 26.7, 13.9, 34.3, 0, 0
1994-08-13, 27.2, 13.3, 0, 0, 0
1994-08-14, 26.7, 10, 0, 0, 0
1994-08-15, 21.1, 9.4, 0, 0, 0
1994-08-16, 30.6, 12.2, 0, 0, 0
1994-08-17, 31.1, 8.3, 11.7, 0, 0
1994-08-18, 28.9, 8.3, 0, 0, 0
1994-08-19, 30, 8.3, 0, 0, 0
1994-08-20, 22.8, 6.7, 0, 0, 0
1994-08-21, 24.4, 8.3, 0, 0, 0
1994-08-22, 29.4, 12.8, 0, 0, 0
1994-08-23, 33.3, 12.2, 0, 0, 0
1994-08-24, 27.8, 7.2, 0, 0, 0
1994-08-25, 31.1, 9.4, 0, 0, 0
1994-08-26, 33.3, 10.6, 0, 0, 0
1994-08-27, 34.4, 10.6, 0, 0, 0
1994-08-28, 27.2, 8.3, 0, 0, 0
1994-08-29, 29.4, 12.2, 0, 0, 0
1994-08-30, 28.3, 10, 1.8, 0, 0
1994-08-31, 21.1, 5, 9.4, 0, 0
1994-09-01, 6.1, 4.4, 4.8, 0, 0
1994-09-02, 8.9, 5.6, 1.8, 0, 0
1994-09-03, 13.9, 8.9, 0, 0, 0
1994-09-04, 26.1, 8.3, 0.8, 0, 0
1994-09-05, 22.2, 5.6, 0, 0, 0
1994-09-06, 22.2, 3.9, 0, 0, 0
1994-09-07, 26.1, 4.4, 0, 0, 0
1994-09-08, 30, 6.7, 0, 0, 0
1994-09-09, 30.6, 7.8, 0, 0, 0
1994-09-10, 33.3, 8.9, 0, 0, 0
1994-09-11, 25.6, 10.6, 0, 0, 0
1994-09-12, 23.9, 9.4, 0, 0, 0
1994-09-13, 24.4, 12.2, 3.6, 0, 0
1994-09-14, 26.7, 11.1, 7.6, 0, 0
1994-09-15, 25.6, 7.8, 0, 0, 0
1994-09-16, 17.2, 5.6, 0, 0, 0
1994-09-17, 20, 3.3, 0, 0, 0
1994-09-18, 24.4, 6.7, 0, 0, 0
1994-09-19, 25, 7.2, 0, 0, 0
1994-09-20, 26.1, 8.3, 0, 0, 0
1994-09-21, 22.8, 6.7, 0, 0, 0
1994-09-22, 8.9, -0.6, 0.8, 0, 0
1994-09-23, 17.8, 3.3, 0, 0, 0
1994-09-24, 22.2, 2.8, 0, 0, 0
1994-09-25, 23.9, 4.4, 0, 0, 0
1994-09-26, 23.9, 3.9, 0, 0, 0
1994-09-27, 25.6, 5.6, 0, 0, 0
1994-09-28, 25, 3.9, 0, 0, 0
1994-09-29, 30.6, 5.6, 0, 0, 0
1994-09-30, 22.8, 7.8, 0, 0, 0
1994-10-01, 16.7, 6.7, 0, 0, 0
1994-10-02, 14.4, 6.1, 11.7, 0, 0
1994-10-03, 14.4, 2.8, 0, 0, 0
1994-10-04, 11.1, 3.3, 6.4, 0, 0
1994-10-05, 12.2, 3.3, 0, 0, 0
1994-10-06, 24.4, 7.2, 19.6, 0, 0
1994-10-07, 11.7, 3.3, 20.3, 0, 0
1994-10-08, 11.7, -1.1, 0, 0, 0
1994-10-09, 14.4, -1.1, 0, 0, 0
1994-10-10, 17.8, 0.6, 0, 0, 0
1994-10-11, 23.9, 1.7, 0, 0, 0
1994-10-12, 25, 4.4, 0.5, 0, 0
1994-10-13, 15.6, 2.2, 0, 0, 0
1994-10-14, 13.3, 2.8, 0, 0, 0
1994-10-15, 21.1, 7.8, 0, 0, 0
1994-10-16, 21.1, 4.4, 54.1, 0, 0
1994-10-17, 10.6, 1.7, 0, 0, 0
1994-10-18, 7.8, 3.9, 10.9, 0, 0
1994-10-19, 11.7, 1.1, 0, 0, 0
1994-10-20, 13.3, -2.2, 0, 0, 0
1994-10-21, 16.7, -1.7, 0, 0, 0
1994-10-22, 17.8, 0.6, 1.8, 0, 0
1994-10-23, 9.4, -3.3, 0, 0, 0
1994-10-24, 8.3, -4.4, 0, 0, 0
1994-10-25, 5.6, -4.4, 0, 0, 0
1994-10-26, 11.1, -4.4, 0, 0, 0
1994-10-27, 8.9, -4.4, 0, 0, 0
1994-10-28, 20, -2.2, 0, 0, 0
1994-10-29, 9.4, -4.4, 1.3, 0, 0
1994-10-30, 8.9, -5, 0, 0, 0
1994-10-31, 7.8, -5.6, 0, 0, 0
1994-11-01, 12.2, -2.8, 0, 0, 0
1994-11-02, 17.8, 0, 0, 0, 0
1994-11-03, 0.6, -5.6, 9.1, 140, 152
1994-11-04, -4.4, -10.6, 0, 0, 152
1994-11-05, 5.6, -10, 0, 0, 152
1994-11-06, 8.3, -5.6, 0, 0, 25
1994-11-07, 11.7, -1.7, 0, 0, 0
1994-11-08, 12.2, -1.1, 0, 0, 0
1994-11-09, 2.2, -3.9, 0, 0, 0
1994-11-10, 8.3, -2.8, 0, 0, 0
1994-11-11, 16.1, -2.2, 0, 0, 0
1994-11-12, 15.6, -1.1, 0, 0, 0
1994-11-13, 17.2, 0, 0, 0, 0
1994-11-14, 3.3, -5, 0, 0, 0
1994-11-15, 3.3, -9.4, 0, 0, 0
1994-11-16, 12.2, -7.2, 0, 0, 0
1994-11-17, 11.7, 1.1, 0, 0, 0
1994-11-18, 4.4, -8.9, 0, 0, 0
1994-11-19, -1.1, -9.4, 0, 0, 0
1994-11-20, 6.1, -8.9, 0, 0, 0
1994-11-21, 10.6, -8.3, 0, 0, 0
1994-11-22, -0.6, -12.8, 0, 0, 0
1994-11-23, 5, -11.1, 0, 0, 0
1994-11-24, 12.8, -5.6, 0, 0, 0
1994-11-25, 6.7, -7.8, 0, 0, 0
1994-11-26, 6.7, -5.6, 0, 0, 0
1994-11-27, 8.3, -5, 0, 0, 0
1994-11-28, 1.1, -8.9, 0, 0, 0
1994-11-29, 0, -10, 0, 0, 0
1994-11-30, 1.1, -10, 0, 0, 0
1994-12-01, 16.7, -1.1, 0, 0, 0
1994-12-02, 11.7, -3.9, 0, 0, 0
1994-12-03, 12.2, -5, 0, 0, 0
1994-12-04, -0.6, -13.3, 0, 0, 0
1994-12-05, -11.1, -13.3, 0, 0, 0
1994-12-06, -10, -13.3, 0, 0, 0
1994-12-07, 0.6, -12.8, 0, 0, 0
1994-12-08, -1.7, -13.3, 2.5, 25, 25
1994-12-09, 3.3, -13.9, 0, 0, 25
1994-12-10, 3.3, -13.9, 0, 0, 0
1994-12-11, 5, -13.9, 0, 0, 0
1994-12-12, 1.1, -11.1, 0, 0, 0
1994-12-13, 8.3, -11.1, 0, 0, 0
1994-12-14, -0.6, -6.1, 4.1, NA, 76
1994-12-15, 3.3, -12.8, 0, 0, 76
1994-12-16, 5.6, -12.8, 0, 0, NA
1994-12-17, 5.6, -6.1, 0, 0, 0
1994-12-18, 8.9, -5.6, 0, 0, 0
1994-12-19, 7.8, -1.1, 0, 0, 0
1994-12-20, 10.6, -4.4, 0, 0, 0
1994-12-21, 13.9, -6.1, 0, 0, 0
1994-12-22, 10.6, -5, 0, 0, 0
1994-12-23, 11.7, -7.2, 0, 0, 0
1994-12-24, 14.4, -2.8, 0, 0, 0
1994-12-25, 12.2, -0.6, 0, 0, 0
1994-12-26, 10.6, -3.9, 0, 0, 0
1994-12-27, 10.6, -2.8, 0, 0, 0
1994-12-28, 11.7, -5.6, 0, 0, 0
1994-12-29, 10.6, 0.6, 0, 0, 0
1994-12-30, 1.1, -7.8, 3.3, NA, 76
1994-12-31, -7.8, -16.1, 1.3, NA, 25
1995-01-01, 1.1, -20.6, 4.6, NA, 102
1995-01-02, -3.9, -13.9, 0, 0, 102
1995-01-03, -10.6, -24.4, 0, 0, 102
1995-01-04, 0, -22.8, 0, 0, 51
1995-01-05, 5.6, -16.7, 0, 0, 51
1995-01-06, -5, -15.6, 0, 0, 51
1995-01-07, 5.6, -15.6, 0, 0, 25
1995-01-08, 10, -11.7, 0, 0, 0
1995-01-09, 11.7, 0.6, 0, 0, 0
1995-01-10, 14.4, 1.7, 0, 0, 0
1995-01-11, 11.1, 2.8, 0, 0, 0
1995-01-12, 8.9, -3.9, 0, 0, 0
1995-01-13, 9.4, -6.1, 0, 0, 0
1995-01-14, 9.4, -5.6, 0, 0, 0
1995-01-15, 12.8, -3.3, 0, 0, 0
1995-01-16, 1.7, -6.1, 0, 0, 0
1995-01-17, 0, -8.3, 0, 0, 0
1995-01-18, 3.3, -5.6, 0, 0, 0
1995-01-19, 7.8, -8.9, 0, 0, 0
1995-01-20, 2.2, -5, 0, 0, 0
1995-01-21, -3.3, -11.7, 0, 0, 0
1995-01-22, 0.6, -14.4, 0, 0, 0
1995-01-23, 3.3, -13.3, 0, 0, 0
1995-01-24, 7.8, -7.8, 0, 0, 0
1995-01-25, 12.2, -10, 0, 0, 0
1995-01-26, 14.4, -6.7, 0, 0, 0
1995-01-27, 7.8, -2.8, 0, 0, 0
1995-01-28, 3.3, -1.1, 0, 0, 0
1995-01-29, 5.6, -8.9, 0, 0, 0
1995-01-30, 12.8, -9.4, 0, 0, 0
1995-01-31, 12.2, -5, 0, 0, 0
1995-02-01, 15, -1.7, 0, 0, 0
1995-02-02, 8.3, 0, 3.3, 0, 0
1995-02-03, 5.6, -3.9, 0, 0, 0
1995-02-04, 8.9, -4.4, 0, 0, 0
1995-02-05, 8.9, -6.7, 0, 0, 0
1995-02-06, 2.8, -7.8, 0, 0, 0
1995-02-07, 0.6, -11.7, 0, 0, 0
1995-02-08, 2.2, -10.6, 0, 0, 0
1995-02-09, 9.4, -7.2, 0, 0, 0
1995-02-10, 3.9, -11.1, 0, 0, 0
1995-02-11, 1.7, -18.3, 0, 0, 0
1995-02-12, -13.3, -21.1, 0, 0, 0
1995-02-13, -13.3, -22.8, 0, 0, 0
1995-02-14, -1.7, -22.8, 2.3, 178, 178
1995-02-15, 1.7, -23.9, 12.7, 178, NA
1995-02-16, 4.4, -13.3, 0, 0, NA
1995-02-17, 12.2, -5, 0, 0, NA
1995-02-18, 10, 1.7, 0, 0, 0
1995-02-19, 15.6, -6.1, 0, 0, 0
1995-02-20, 12.2, -1.7, 0, 0, 0
1995-02-21, 21.1, -0.6, 0, 0, 0
1995-02-22, 12.2, -6.7, 0, 0, 0
1995-02-23, 5, -5, 0, 0, 0
1995-02-24, 19.4, -5, 0, 0, 0
1995-02-25, 20, -1.7, 0, 0, 0
1995-02-26, 10.6, -3.9, 0, 0, 0
1995-02-27, -1.1, -13.3, 3.8, 51, 51
1995-02-28, -11.1, -15, 0, 0, NA
1995-03-01, -13.9, -18.9, 0, 0, 51
1995-03-02, -3.9, -21.1, 0, 0, 51
1995-03-03, 1.1, -14.4, 0, 0, 25
1995-03-04, -5, -13.3, 34.3, 305, 330
1995-03-05, -9.4, -21.7, 0, 0, 330
1995-03-06, -9.4, -21.7, 0.8, 25, 356
1995-03-07, -12.8, -26.7, 0, 0, 254
1995-03-08, 1.1, -26.1, 0, 0, 203
1995-03-09, 15.6, -7.2, 0, 0, 76
1995-03-10, 17.2, 1.1, 0, 0, 0
1995-03-11, 21.7, 0, 0, 0, 0
1995-03-12, 12.8, 3.3, 1, 0, 0
1995-03-13, 13.3, 2.2, 0, 0, 0
1995-03-14, 14.4, -2.8, 0, 0, 0
1995-03-15, 20.6, -2.2, 0, 0, 0
1995-03-16, 15, 2.8, 0, 0, 0
1995-03-17, 3.3, -3.9, 3.3, 0, 0
1995-03-18, 17.2, -3.9, 0, 0, 0
1995-03-19, 12.8, 1.7, 1.3, 0, 0
1995-03-20, 13.3, -1.7, 0, 0, 0
1995-03-21, 20.6, -1.7, 0, 0, 0
1995-03-22, 16.7, 3.9, 0, 0, 0
1995-03-23, 13.3, -5, 0, 0, 0
1995-03-24, 12.2, 1.7, 0, 0, 0
1995-03-25, 10, -3.9, 0, 0, 0
1995-03-26, 4.4, -2.8, 0, 0, 0
1995-03-27, 2.2, -3.9, 0, 0, 0
1995-03-28, 0.6, -8.3, 0, 0, 0
1995-03-29, -3.3, -7.8, 0, 0, 0
1995-03-30, -2.2, -11.7, 0, 0, 0
1995-03-31, 11.1, -10.6, 2, 0, 0
1995-04-01, 16.7, -10.6, 0, 0, 0
1995-04-02, 10, -2.2, 0, 0, 0
1995-04-03, 7.8, -3.3, 0, 0, 0
1995-04-04, 18.3, -2.8, 0, 0, 0
1995-04-05, 16.1, 1.1, 0, 0, 0
1995-04-06, 17.2, 0.6, 5.1, 0, 0
1995-04-07, 1.1, 13.3, 1.5, 0, 0
1995-04-08, 11.7, -2.2, 1, 0, 0
1995-04-09, -2.2, -5, 3.8, NA, NA
1995-04-10, -4.4, -7.2, 5.1, 76, 76
1995-04-11, -4.4, -7.2, 5.1, 114, 203
1995-04-12, 13.9, -7.2, 0, 0, NA
1995-04-13, 16.1, 0, 0, 0, NA
1995-04-14, 16.7, -1.1, 0, 0, NA
1995-04-15, 16.1, -0.6, 0, 0, NA
1995-04-16, 6.1, -1.7, 0, 0, NA
1995-04-17, 1.7, -2.2, 7.4, 0, 0
1995-04-18, 3.9, -2.2, 5.1, 0, 0
1995-04-19, 3.9, -6.7, 0, 0, 0
1995-04-20, 2.2, -0.6, 6.4, 0, 0
1995-04-21, 4.4, -1.7, 8.4, 51, NA
1995-04-22, 8.9, -4.4, 0, 0, NA
1995-04-23, 6.7, -0.6, 0, 0, 0
1995-04-24, 9.4, -4.4, 0, 0, 0
1995-04-25, 8.9, -2.2, 0.5, 0, 0
1995-04-26, 5.6, 0, 0, 0, 0
1995-04-27, 10.6, -6.1, 0, 0, 0
1995-04-28, 6.7, -2.2, 0, 0, 0
1995-04-29, 1.7, -0.6, 0, 0, 0
1995-04-30, 1.1, -0.6, 33.5, 140, 152
1995-05-01, 4.4, 0, 3.8, 0, 51
1995-05-02, 7.8, 2.8, 0, 0, NA
1995-05-03, 10.6, 2.8, 0.5, 0, NA
1995-05-04, 15, -2.2, 0, 0, 0
1995-05-05, 11.1, 1.1, 2, 0, 0
1995-05-06, 13.3, 6.1, 27.4, 0, 0
1995-05-07, 17.2, 1.1, 0, 0, 0
1995-05-08, 10.6, 8.3, 86.6, 0, 0
1995-05-09, 8.3, 2.8, 8.4, 0, 0
1995-05-10, 15, 2.8, 2, 0, 0
1995-05-11, 20.6, 0.6, 0, 0, 0
1995-05-12, 18.3, 5.6, 0, 0, 0
1995-05-13, 13.3, 1.7, 58.9, 0, 0
1995-05-14, 11.7, 0.6, 0, 0, 0
1995-05-15, 24.4, 1.1, 0, 0, 0
1995-05-16, 18.3, 6.7, 1.8, 0, 0
1995-05-17, 10.6, 2.8, 0.5, 0, 0
1995-05-18, 16.7, 0, 1.3, 0, 0
1995-05-19, 16.7, 6.1, 4.3, 0, 0
1995-05-20, 15.6, 2.8, 2.5, 0, 0
1995-05-21, 19.4, 5.6, 0, 0, 0
1995-05-22, 11.7, 3.3, 1.3, 0, 0
1995-05-23, 10, 2.2, 0, 0, 0
1995-05-24, 12.8, -1.7, 0, 0, 0
1995-05-25, 8.9, 3.3, 3.6, 0, 0
1995-05-26, 13.9, 6.1, 22.9, 0, 0
1995-05-27, 11.7, 4.4, 7.1, 0, 0
1995-05-28, 12.8, 6.1, 8.1, 0, 0
1995-05-29, 17.8, 1.7, 1.5, 0, 0
1995-05-30, 18.9, 1.7, 0, 0, 0
1995-05-31, 20, 3.3, 0, 0, 0
1995-06-01, 23.9, 6.1, 0, 0, 0
1995-06-02, 22.2, 6.7, 0, 0, 0
1995-06-03, 20, 9.4, 16.8, 0, 0
1995-06-04, 19.4, 8.9, 7.9, 0, 0
1995-06-05, 18.9, 11.7, 14.5, 0, 0
1995-06-06, 25, 8.9, 0, 0, 0
1995-06-07, 17.8, 6.7, 3, 0, 0
1995-06-08, 6.7, 2.2, 17.5, 0, 0
1995-06-09, 4.4, 0, 39.9, 0, 0
1995-06-10, 13.9, 1.1, 0, 0, 0
1995-06-11, 17.8, 0.6, 0, 0, 0
1995-06-12, 22.8, 5, 0, 0, 0
1995-06-13, 30.6, 5, 5.1, 0, 0
1995-06-14, 28.3, 10.6, 0, 0, 0
1995-06-15, 31.1, 10.6, 0, 0, 0
1995-06-16, 31.7, 13.9, 0, 0, 0
1995-06-17, 27.2, 14.4, 0, 0, 0
1995-06-18, 25.6, 14.4, 0, 0, 0
1995-06-19, 27.8, 7.2, 0, 0, 0
1995-06-20, 25.6, 12.8, 0, 0, 0
1995-06-21, 24.4, 12.8, 3, 0, 0
1995-06-22, 20, 10.6, 23.9, 0, 0
1995-06-23, 20, 8.3, 0, 0, 0
1995-06-24, 17.8, 5.6, 6.4, 0, 0
1995-06-25, 17.2, 7.8, 0, 0, 0
1995-06-26, 22.2, 5, 0, 0, 0
1995-06-27, 22.2, 8.9, 0, 0, 0
1995-06-28, 16.1, 10, 5.6, 0, 0
1995-06-29, 16.7, 6.1, 0, 0, 0
1995-06-30, 15.6, 1.1, 0, 0, 0
1995-07-01, 22.8, 3.9, 4.8, 0, 0
1995-07-02, 25.6, 10.6, 0, 0, 0
1995-07-03, 18.3, 12.2, 18.5, 0, 0
1995-07-04, 19.4, 9.4, 0, 0, 0
1995-07-05, 23.3, 9.4, 0, 0, 0
1995-07-06, 26.1, 6.7, 0, 0, 0
1995-07-07, 27.8, 12.8, 0, 0, 0
1995-07-08, 28.3, 11.7, 0, 0, 0
1995-07-09, 34.4, 13.3, 0, 0, 0
1995-07-10, 29.4, 13.9, 2.8, 0, 0
1995-07-11, 35.6, 13.3, 0, 0, 0
1995-07-12, 30.6, 13.9, 0, 0, 0
1995-07-13, 28.9, 15, 0.5, 0, 0
1995-07-14, 21.7, 14.4, 0, 0, 0
1995-07-15, 22.2, 12.2, 10.2, 0, 0
1995-07-16, 22.2, 9.4, 10.7, 0, 0
1995-07-17, 23.3, 8.9, 0, 0, 0
1995-07-18, 26.1, 10, 0, 0, 0
1995-07-19, 23.3, 12.2, 4.1, 0, 0
1995-07-20, 21.1, 12.2, 15.7, 0, 0
1995-07-21, 25, 10.6, 10.2, 0, 0
1995-07-22, 20.6, 10.6, 1.5, 0, 0
1995-07-23, 23.3, 9.4, 0, 0, 0
1995-07-24, 26.1, 8.9, 3, 0, 0
1995-07-25, 25, 9.4, 3.6, 0, 0
1995-07-26, 33.3, 10.6, 0, 0, 0
1995-07-27, 30.6, 12.2, 0, 0, 0
1995-07-28, 27.8, 11.7, 0, 0, 0
1995-07-29, 35.6, 11.7, 0, 0, 0
1995-07-30, 33.3, 16.7, 0, 0, 0
1995-07-31, 18.3, 8.9, 3.3, 0, 0
1995-08-01, 27.2, 6.7, 0, 0, 0
1995-08-02, 31.7, 11.1, 0, 0, 0
1995-08-03, 22.8, 11.7, 0, 0, 0
1995-08-04, 25, 12.2, 0, 0, 0
1995-08-05, 26.7, 11.1, 0, 0, 0
1995-08-06, 33.9, 10.6, 0, 0, 0
1995-08-07, 33.9, 12.8, 0, 0, 0
1995-08-08, 31.1, 14.4, 0, 0, 0
1995-08-09, 26.7, 8.3, 0, 0, 0
1995-08-10, 27.2, 10.6, 0, 0, 0
1995-08-11, 30, 15.6, 0, 0, 0
1995-08-12, 30, 14.4, 22.1, 0, 0
1995-08-13, 27.2, 15, 0, 0, 0
1995-08-14, 24.4, 5, 0, 0, 0
1995-08-15, 31.7, 8.9, 0, 0, 0
1995-08-16, 32.8, 10.6, 0, 0, 0
1995-08-17, 33.9, 14.4, 0, 0, 0
1995-08-18, 23.9, 12.8, 0, 0, 0
1995-08-19, 23.9, 5, 0, 0, 0
1995-08-20, 27.2, 10, 0, 0, 0
1995-08-21, 31.7, 12.2, 0, 0, 0
1995-08-22, 30.6, 14.4, 0, 0, 0
1995-08-23, 28.3, 16.1, 0, 0, 0
1995-08-24, 31.7, 16.1, 0, 0, 0
1995-08-25, 23.9, 15, 0, 0, 0
1995-08-26, 23.9, 14.4, 4.6, 0, 0
1995-08-27, 31.1, 15, 0, 0, 0
1995-08-28, 20.6, 17.2, 0.8, 0, 0
1995-08-29, 33.9, 13.3, 0, 0, 0
1995-08-30, 24.4, 13.9, 0, 0, 0
1995-08-31, 25, 6.7, 0, 0, 0
1995-09-01, 29.4, 8.9, 0, 0, 0
1995-09-02, 28.9, 11.1, 0, 0, 0
1995-09-03, 31.1, 11.1, 0, 0, 0
1995-09-04, 31.7, 10, 0, 0, 0
1995-09-05, 30, 13.3, 8.9, 0, 0
1995-09-06, 23.9, 8.9, 0, 0, 0
1995-09-07, 12.8, 5.6, 0, 0, 0
1995-09-08, 16.1, 5.6, 0, 0, 0
1995-09-09, 17.8, 6.1, 1.8, 0, 0
1995-09-10, 26.1, 10, 0.8, 0, 0
1995-09-11, 19.4, 8.9, 5.6, 0, 0
1995-09-12, 26.7, 6.7, 0, 0, 0
1995-09-13, 25, 6.7, 0, 0, 0
1995-09-14, 23.9, 5.6, 0, 0, 0
1995-09-15, 28.9, 9.4, 0, 0, 0
1995-09-16, 18.3, 6.7, 0, 0, 0
1995-09-17, 21.1, 4.4, 0, 0, 0
1995-09-18, 16.1, 7.8, 8.6, 0, 0
1995-09-19, 12.8, 2.2, 3.8, 0, 0
1995-09-20, 2.8, 0, 11.2, 64, NA
1995-09-21, 2.8, -5, 0, 0, NA
1995-09-22, 14.4, -6.1, 0, 0, NA
1995-09-23, 12.8, 1.7, 0, 0, NA
1995-09-24, 14.4, -1.1, 1.8, 0, NA
1995-09-25, 19.4, -1.7, 0, 0, 0
1995-09-26, 21.1, 0.6, 0, 0, 0
1995-09-27, 23.9, 1.7, 0, 0, 0
1995-09-28, 26.7, 1.7, 0, 0, 0
1995-09-29, 21.1, 1.7, 0, 0, 0
1995-09-30, 17.2, 9.4, 2, 0, 0
1995-10-01, 18.9, 2.2, 0, 0, 0
1995-10-02, 18.9, 2.2, 0, 0, 0
1995-10-03, 17.2, 0, 0, 0, 0
1995-10-04, 16.1, 4.4, 10.4, 0, 0
1995-10-05, 6.1, 1.7, 11.7, 0, 0
1995-10-06, 10, -2.2, 0, 0, 0
1995-10-07, 12.8, -2.8, 0, 0, 0
1995-10-08, 13.9, 3.3, 1.8, 0, 0
1995-10-09, 17.8, -1.7, 0, 0, 0
1995-10-10, 21.1, -1.7, 0, 0, 0
1995-10-11, 27.2, 5, 0, 0, 0
1995-10-12, 23.3, 9.4, 0, 0, 0
1995-10-13, 13.3, 3.9, 0, 0, 0
1995-10-14, 16.7, -3.3, 0, 0, 0
1995-10-15, 23.3, 1.7, 0, 0, 0
1995-10-16, 25.6, 1.1, 0, 0, 0
1995-10-17, 14.4, 2.2, 0, 0, 0
1995-10-18, 17.8, 2.8, 0, 0, 0
1995-10-19, 8.3, 1.7, 7.1, 0, 0
1995-10-20, 10.6, -5, 0, 0, 0
1995-10-21, 16.7, -2.8, 0, 0, 0
1995-10-22, 7.8, -2.2, 30.5, 178, 178
1995-10-23, 3.3, -2.8, 0, 0, 152
1995-10-24, 8.3, -7.8, 0, 0, 127
1995-10-25, 10, -3.9, 0, 0, 25
1995-10-26, 12.8, -2.2, 0, 0, NA
1995-10-27, 12.8, -2.8, 0, 0, NA
1995-10-28, 10.6, -4.4, 0, 0, 0
1995-10-29, 1.7, -0.6, 7.1, 13, 25
1995-10-30, 0, -3.3, 16.3, 165, 178
1995-10-31, -2.2, -5, 3.3, 13, 152
1995-11-01, -2.2, -10.6, 0, 0, 152
1995-11-02, -6.7, -16.1, 0, 0, 152
1995-11-03, -3.9, -20.6, 0, 0, 152
1995-11-04, 1.7, -11.7, 0, 0, 127
1995-11-05, 12.2, -5.6, 0, 0, 102
1995-11-06, 5, -4.4, 0, 0, 76
1995-11-07, 5, -8.3, 0, 0, 76
1995-11-08, 11.7, -6.7, 0, 0, 51
1995-11-09, 12.2, 2.2, 1.3, 0, NA
1995-11-10, 2.2, -9.4, NA, NA, NA
1995-11-11, 10.6, -13.3, 0, 0, NA
1995-11-12, 11.1, -1.1, 0, 0, 0
1995-11-13, 11.1, -3.9, 0, 0, 0
1995-11-14, 13.9, -2.8, 0, 0, 0
1995-11-15, 12.8, -1.1, 0, 0, 0
1995-11-16, 16.7, -1.7, 0, 0, 0
1995-11-17, 15, -3.3, 0, 0, 0
1995-11-18, 20.6, -1.7, 0, 0, 0
1995-11-19, 10.6, -0.6, 0, 0, 0
1995-11-20, 7.8, -7.2, 0, 0, 0
1995-11-21, 12.8, -10, 0, 0, 0
1995-11-22, 8.3, 0.6, 0, 0, 0
1995-11-23, 11.7, -3.3, 0, 0, 0
1995-11-24, 18.3, -1.7, 0, 0, 0
1995-11-25, 17.2, -1.7, 0, 0, 0
1995-11-26, 5.6, -1.7, 9.9, 38, NA
1995-11-27, -1.7, -13.3, 0, 0, 25
1995-11-28, 0.6, -13.3, 0, 0, 25
1995-11-29, 11.7, -5.6, 0, 0, NA
1995-11-30, 13.3, 0.6, 0, 0, NA
1995-12-01, 17.2, -1.7, 0, 0, 0
1995-12-02, 14.4, -1.7, 0, 0, 0
1995-12-03, 5, -7.2, 0, 0, 0
1995-12-04, 13.3, -7.8, 0, 0, 0
1995-12-05, 0.6, -8.3, 0.5, 0, 0
1995-12-06, 2.8, -11.1, 0, 0, 0
1995-12-07, 5.6, -11.7, 0, 0, 0
1995-12-08, -0.6, -19.4, NA, 25, 0
1995-12-09, -9.4, -25.6, NA, 25, 25
1995-12-10, -5.6, -15.6, 0, 0, 25
1995-12-11, 2.8, -13.9, 0, 0, NA
1995-12-12, -2.2, -11.1, 0, 0, NA
1995-12-13, 14.4, -5.6, 6.4, 0, NA
1995-12-14, 8.9, -5, 0, 0, NA
1995-12-15, 8.9, -7.8, 0, 0, 0
1995-12-16, 7.2, -6.1, 0, 0, 0
1995-12-17, -1.1, -5.6, 0, 0, 0
1995-12-18, -2.8, -8.9, 0, 0, 0
1995-12-19, 3.9, -12.8, 0, 0, 0
1995-12-20, 2.8, -11.7, 0, 0, 0
1995-12-21, -2.2, -8.9, 1.8, 25, 25
1995-12-22, -5.6, -16.1, 0, 0, 25
1995-12-23, 3.3, -16.7, 0, 0, NA
1995-12-24, 5.6, -12.8, 0, 0, NA
1995-12-25, 11.7, -15, 0, 0, NA
1995-12-26, 6.7, -6.1, 0, 0, 0
1995-12-27, 3.9, -11.7, 0, 0, 0
1995-12-28, 6.1, -11.7, 0, 0, 0
1995-12-29, 4.4, -10.6, 0, 0, 0
1995-12-30, 6.7, -11.7, 0, 0, 0
1995-12-31, 1.7, -5.6, 0, 0, 0
1996-01-01, -1.1, -10, 1.5, 20, NA
1996-01-02, -5, -16.1, 0, 0, NA
1996-01-03, 2.8, -9.4, 2.8, 13, 25
1996-01-04, -3.9, -17.2, 6.1, 38, 51
1996-01-05, -13.9, -19.4, 0, 0, 51
1996-01-06, -6.1, -19.4, 0, 0, 51
1996-01-07, 6.7, -17.8, 0, 0, NA
1996-01-08, 11.1, -6.7, 0, 0, NA
1996-01-09, 8.3, -7.2, 0, 0, 0
1996-01-10, 6.1, -2.2, 0, 0, 0
1996-01-11, 10, -5, 0, 0, 0
1996-01-12, 17.8, -3.9, 0, 0, 0
1996-01-13, 16.1, -3.3, 0, 0, 0
1996-01-14, -2.2, -5.6, 0, 0, 0
1996-01-15, 15, -8.3, 0, 0, 0
1996-01-16, 10.6, 0, 0, 0, 0
1996-01-17, 0, -22.2, 2, 76, 76
1996-01-18, -13.9, -24.4, 0, 0, NA
1996-01-19, -12.2, -25.6, NA, 13, 102
1996-01-20, 2.8, -23.3, 0, 0, 76
1996-01-21, 5.6, -10.6, 0, 0, NA
1996-01-22, 0.6, -15.6, 0.8, NA, 102
1996-01-23, -1.7, -15, 1.5, 25, 127
1996-01-24, -7.8, -21.7, 1.3, 38, 152
1996-01-25, -11.7, -20.6, 0, 0, 152
1996-01-26, -6.1, -22.2, 0, 0, 152
1996-01-27, -11.7, -20, 0, 0, 152
1996-01-28, -12.2, -21.7, 0.8, 25, 178
1996-01-29, -21.7, -26.1, 0, 0, 178
1996-01-30, -20, -27.8, 0, 0, 178
1996-01-31, -9.4, -31.1, 0, 0, NA
1996-02-01, -13.3, -27.2, 0, 0, 178
1996-02-02, -20, -35.6, 0, 0, 178
1996-02-03, -15, -31.7, 0, 0, 152
1996-02-04, 5, -25.6, 0, 0, 152
1996-02-05, 7.8, -25.6, 0, 0, 76
1996-02-06, 12.8, -4.4, 0, 0, 51
1996-02-07, 14.4, 0.6, 0, 0, 25
1996-02-08, 15.6, -3.9, 0, 0, 0
1996-02-09, 19.4, 0, 0, 0, 0
1996-02-10, 15, -4.4, 0, 0, 0
1996-02-11, 8.9, -5.6, 0, 0, 0
1996-02-12, 14.4, -7.2, 0, 0, 0
1996-02-13, 12.8, -1.7, 0, 0, 0
1996-02-14, 7.8, -0.6, 0, 0, 0
1996-02-15, -0.6, -11.7, 0.8, 13, NA
1996-02-16, 15, -13.3, 0, 0, NA
1996-02-17, 10.6, -4.4, 0, 0, NA
1996-02-18, 12.8, -3.9, 0, 0, 0
1996-02-19, 12.8, -2.8, 0, 0, 0
1996-02-20, 11.7, -2.8, 0, 0, 0
1996-02-21, 12.8, -3.9, 0, 0, 0
1996-02-22, 15, -1.7, 0, 0, 0
1996-02-23, 15, -5, 0, 0, 0
1996-02-24, 13.3, 1.1, 0, 0, 0
1996-02-25, 0.6, -10, 2.5, 25, 25
1996-02-26, -10.6, -15, 0, 0, 25
1996-02-27, -10.6, -21.7, 0, 0, 25
1996-02-28, -12.8, -21.1, 0, 0, 25
1996-02-29, -2.2, -22.8, 0, 0, 25
1996-03-01, 0, -22.8, 0, 0, 25
1996-03-02, -2.8, -11.7, 1.3, 25, 51
1996-03-03, 2.2, -11.7, 0, 0, NA
1996-03-04, -2.8, -10.6, 1.3, 25, 25
1996-03-05, -10, -16.7, 0.8, 25, 51
1996-03-06, -12.8, -18.9, 1.3, 51, 102
1996-03-07, -14.4, -22.8, 0, 0, 102
1996-03-08, -7.2, -27.2, 0, 0, 102
1996-03-09, 6.1, -16.1, 0, 0, 51
1996-03-10, 18.3, -4.4, 0, 0, NA
1996-03-11, 17.8, -2.2, 0, 0, NA
1996-03-12, 15, -2.8, 22.9, 0, 0
1996-03-13, 6.1, 1.1, 15.7, 0, 0
1996-03-14, 12.2, -3.9, 0, 0, 0
1996-03-15, 15, -3.9, 0, 0, 0
1996-03-16, 6.1, 0, 0, 0, 0
1996-03-17, 3.3, -4.4, 6.4, 64, 76
1996-03-18, 1.7, -5, 6.4, 69, 25
1996-03-19, 0, -7.8, 0, 0, NA
1996-03-20, 6.7, -13.3, 0, 0, NA
1996-03-21, 8.3, -2.2, 0, 0, NA
1996-03-22, 8.9, -3.3, 0, 0, 0
1996-03-23, 6.7, -2.8, 0, 0, 0
1996-03-24, -1.1, -15, 11.9, 152, 152
1996-03-25, -9.4, -17.8, 0, 0, NA
1996-03-26, 6.1, -18.9, 0, 0, NA
1996-03-27, -0.6, -10.6, 0, 0, NA
1996-03-28, -6.7, -10, 0, 0, NA
1996-03-29, -3.3, -9.4, NA, 0, NA
1996-03-30, -1.7, -7.8, 0, 0, NA
1996-03-31, 3.3, -7.8, 0, 0, NA
1996-04-01, 16.7, -7.8, 0, 0, NA
1996-04-02, 12.8, -3.3, 0, 0, NA
1996-04-03, 8.9, -1.1, 0, 0, NA
1996-04-04, 2.2, -6.1, 0, 0, 0
1996-04-05, 9.4, -8.3, 0, 0, 0
1996-04-06, 15.6, -3.9, 0, 0, 0
1996-04-07, 14.4, 2.8, 0, 0, 0
1996-04-08, 17.8, 3.9, 0, 0, 0
1996-04-09, 22.2, -1.1, 0, 0, 0
1996-04-10, 26.7, 1.1, 0, 0, 0
1996-04-11, 23.3, -2.8, 8.9, 38, NA
1996-04-12, 0.6, -8.3, 12.7, 127, 178
1996-04-13, 0, -2.2, 11.4, 114, 229
1996-04-14, 6.7, -2.8, 2.5, 25, 102
1996-04-15, 11.7, -2.8, 0, 0, NA
1996-04-16, 20, -2.2, 0, 0, NA
1996-04-17, 17.8, 1.7, 10.2, 0, NA
1996-04-18, 16.1, 6.7, 0, 0, 0
1996-04-19, 10, 1.1, 10.7, 0, 0
1996-04-20, 12.2, -2.8, 0, 0, 0
1996-04-21, 10, -2.2, 0, 0, 0
1996-04-22, 7.2, -6.1, 3.3, 0, 0
1996-04-23, 17.8, -6.1, 2.5, NA, NA
1996-04-24, 22.8, 1.7, 0.5, 0, NA
1996-04-25, 17.8, 10, 0, 0, NA
1996-04-26, 13.3, 0.6, 0, 0, 0
1996-04-27, 8.3, -2.2, 1.8, 0, 0
1996-04-28, 4.4, -3.9, 0, 0, 0
1996-04-29, 10, -6.7, 0, 0, 0
1996-04-30, 9.4, -0.6, 2.8, 0, 0
1996-05-01, 11.1, -3.3, 1.3, 0, 0
1996-05-02, 13.3, -1.7, 5.1, 0, 0
1996-05-03, 15, 1.7, 1.3, 0, 0
1996-05-04, 7.8, 0.6, 1.3, 0, 0
1996-05-05, 11.1, -4.4, 0, 0, 0
1996-05-06, 12.8, 3.3, 0, 0, 0
1996-05-07, 16.7, 2.8, 2.3, 0, 0
1996-05-08, 13.9, 1.7, 1.8, 0, 0
1996-05-09, 7.2, -0.6, 15.2, 0, 0
1996-05-10, 7.2, -2.8, 1.8, 0, 0
1996-05-11, 6.1, -1.1, 0.5, 0, 0
1996-05-12, 7.2, 3.3, 2.3, 0, 0
1996-05-13, 17.2, 3.9, 0, 0, 0
1996-05-14, 21.1, 6.1, 1.3, 0, 0
1996-05-15, 21.7, 6.7, 0, 0, 0
1996-05-16, 29.4, 8.3, 9.4, 0, 0
1996-05-17, 24.4, 8.3, 3.3, 0, 0
1996-05-18, 24.4, 5.6, 0, 0, 0
1996-05-19, 16.7, 6.7, 0, 0, 0
1996-05-20, 14.4, 4.4, 2, 0, 0
1996-05-21, 20, -0.6, 0, 0, 0
1996-05-22, 15.6, 4.4, 4.3, 0, 0
1996-05-23, 12.2, 6.1, 30.5, 0, 0
1996-05-24, 12.2, 5.6, 22.9, 0, 0
1996-05-25, 7.2, 3.9, 12.7, 0, 0
1996-05-26, 5.6, 3.3, 29.2, 0, 0
1996-05-27, 3.3, 0.6, 45.7, 0, 0
1996-05-28, 6.1, 2.2, 2.5, 0, 0
1996-05-29, 15.6, 5, 0, 0, 0
1996-05-30, 21.1, 9.4, 3.8, 0, 0
1996-05-31, 17.8, 3.9, 5.1, 0, 0
1996-06-01, 20.6, 4.4, 0, 0, 0
1996-06-02, 20, 3.3, 0, 0, 0
1996-06-03, 17.2, 4.4, 0, 0, 0
1996-06-04, 25.6, 6.1, 0, 0, 0
1996-06-05, 21.7, 10, 4.3, 0, 0
1996-06-06, 17.8, 6.7, 1.5, 0, 0
1996-06-07, 18.3, 3.9, 0, 0, 0
1996-06-08, 26.7, 5, 0, 0, 0
1996-06-09, 28.3, 5, 0, 0, 0
1996-06-10, 25.6, 10, 0, 0, 0
1996-06-11, 27.2, 8.9, 0, 0, 0
1996-06-12, 26.1, 12.2, 29, 0, 0
1996-06-13, 25.6, 9.4, 10.7, 0, 0
1996-06-14, 28.3, 11.1, 0, 0, 0
1996-06-15, 22.8, 10.6, 8.4, 0, 0
1996-06-16, 22.2, 10, 1.3, 0, 0
1996-06-17, 25.6, 12.2, 0, 0, 0
1996-06-18, 28.3, 10, 2.3, 0, 0
1996-06-19, 18.3, 11.1, 0, 0, 0
1996-06-20, 23.9, 5.6, 0, 0, 0
1996-06-21, 18.3, 11.7, 0.5, 0, 0
1996-06-22, 15.6, 11.7, 6.4, 0, 0
1996-06-23, 17.8, 8.3, 1.5, 0, 0
1996-06-24, 25.6, 6.1, 0, 0, 0
1996-06-25, 28.3, 16.7, 0, 0, 0
1996-06-26, 31.1, 12.8, 0, 0, 0
1996-06-27, 30.6, 18.9, 0, 0, 0
1996-06-28, 32.2, 13.3, 0, 0, 0
1996-06-29, 28.9, 11.7, 0, 0, 0
1996-06-30, 28.9, 7.8, 0, 0, 0
1996-07-01, 28.9, 11.7, 0, 0, 0
1996-07-02, 29.4, 11.1, 0, 0, 0
1996-07-03, 30, 16.7, 1.5, 0, 0
1996-07-04, 31.1, 15.6, 0, 0, 0
1996-07-05, 30, 17.2, 1, 0, 0
1996-07-06, 21.1, 13.3, 11.2, 0, 0
1996-07-07, 25, 11.1, 0, 0, 0
1996-07-08, 20.6, 8.3, 0, 0, 0
1996-07-09, 17.8, 10, 0, 0, 0
1996-07-10, 30.6, 9.4, 0, 0, 0
1996-07-11, 26.7, 12.8, 0, 0, 0
1996-07-12, 24.4, 5.6, 0, 0, 0
1996-07-13, 22.2, 7.2, 0, 0, 0
1996-07-14, 25, 7.2, 1.5, 0, 0
1996-07-15, 27.8, 9.4, 0, 0, 0
1996-07-16, 31.1, 13.9, 0.5, 0, 0
1996-07-17, 30.6, 15, 0, 0, 0
1996-07-18, 29.4, 11.7, 0, 0, 0
1996-07-19, 31.1, 14.4, 0, 0, 0
1996-07-20, 27.8, 12.8, 6.1, 0, 0
1996-07-21, 25, 14.4, 6.4, 0, 0
1996-07-22, 24.4, 9.4, 0, 0, 0
1996-07-23, 26.7, 8.3, 0, 0, 0
1996-07-24, 22.8, 7.8, 0, 0, 0
1996-07-25, 24.4, 6.1, 0, 0, 0
1996-07-26, 22.8, 9.4, 17, 0, 0
1996-07-27, 23.3, 8.3, 0, 0, 0
1996-07-28, 24.4, 8.9, 2.5, 0, 0
1996-07-29, 24.4, 8.3, 0, 0, 0
1996-07-30, 21.7, 9.4, 0, 0, 0
1996-07-31, 19.4, 11.1, 14.5, 0, 0
1996-08-01, 28.3, 10, 1.3, 0, 0
1996-08-02, 33.3, 10.6, 0, 0, 0
1996-08-03, 33.3, 13.9, 0, 0, 0
1996-08-04, 23.3, 12.8, 0, 0, 0
1996-08-05, 29.4, 8.3, 0, 0, 0
1996-08-06, 21.7, 9.4, 0, 0, 0
1996-08-07, 26.7, 6.7, 0, 0, 0
1996-08-08, 26.7, 6.7, 0, 0, 0
1996-08-09, 28.3, 12.8, 2.8, 0, 0
1996-08-10, 27.2, 8.9, 22.1, 0, 0
1996-08-11, 28.3, 8.9, 0, 0, 0
1996-08-12, 32.2, 11.1, 0, 0, 0
1996-08-13, 26.1, 12.2, 0, 0, 0
1996-08-14, 23.3, 13.3, 0.8, 0, 0
1996-08-15, 23.3, 13.3, 21.1, 0, 0
1996-08-16, 27.2, 10.6, 0, 0, 0
1996-08-17, 28.9, 10, 0, 0, 0
1996-08-18, 27.8, 13.3, 0, 0, 0
1996-08-19, 21.1, 9.4, 15.5, 0, 0
1996-08-20, 31.7, 9.4, 0, 0, 0
1996-08-21, 26.1, 14.4, 0, 0, 0
1996-08-22, 22.8, 6.7, 0, 0, 0
1996-08-23, 27.8, 11.1, 0, 0, 0
1996-08-24, 31.1, 12.8, 0, 0, 0
1996-08-25, 27.2, 11.7, 0, 0, 0
1996-08-26, 22.2, 8.3, 0, 0, 0
1996-08-27, 29.4, 9.4, 0, 0, 0
1996-08-28, 28.3, 12.2, 0, 0, 0
1996-08-29, 22.8, 12.8, 48.3, 0, 0
1996-08-30, 23.3, 10.6, 7.9, 0, 0
1996-08-31, 25, 10, 0, 0, 0
1996-09-01, 24.4, 11.7, 0, 0, 0
1996-09-02, 21.1, 7.8, 2, 0, 0
1996-09-03, 24.4, 7.2, 0, 0, 0
1996-09-04, 31.7, 8.3, 0, 0, 0
1996-09-05, 31.7, 14.4, 3, 0, 0
1996-09-06, 15.6, 9.4, 14.2, 0, 0
1996-09-07, 18.9, 2.2, 0, 0, 0
1996-09-08, 25, 6.1, 0, 0, 0
1996-09-09, 26.1, 7.2, 0, 0, 0
1996-09-10, 23.3, 7.8, 0, 0, 0
1996-09-11, 20, 4.4, 0, 0, 0
1996-09-12, 20.6, 5, 0, 0, 0
1996-09-13, 21.1, 7.2, 0, 0, 0
1996-09-14, 18.3, 11.1, 0, 0, 0
1996-09-15, 16.7, 8.9, 0.5, 0, 0
1996-09-16, 21.1, 8.3, 0, 0, 0
1996-09-17, 16.1, 10.6, 5.3, 0, 0
1996-09-18, 11.7, 3.9, 17.3, 0, 0
1996-09-19, 11.7, 3.9, 0, 0, 0
1996-09-20, 12.2, 4.4, 1, 0, 0
1996-09-21, 15.6, 2.2, 0, 0, 0
1996-09-22, 14.4, 2.8, 0, 0, 0
1996-09-23, 11.1, 4.4, 0.8, 0, 0
1996-09-24, 14.4, -1.1, 0, 0, 0
1996-09-25, 2.2, 0, 11.4, NA, NA
1996-09-26, 6.1, -2.2, 0, 0, NA
1996-09-27, 11.1, -0.6, 0, 0, NA
1996-09-28, 21.7, 6.1, 0, 0, NA
1996-09-29, 20, 4.4, 0, 0, NA
1996-09-30, 23.3, 3.3, 0, 0, 0
1996-10-01, 25.6, 3.9, 0, 0, 0
1996-10-02, 15, -0.6, 0, 0, 0
1996-10-03, 10, -1.1, 0, 0, 0
1996-10-04, 22.8, 3.3, 0, 0, 0
1996-10-05, 27.2, 3.3, 0, 0, 0
1996-10-06, 17.8, 5, 0, 0, 0
1996-10-07, 16.7, 3.9, 14, 0, 0
1996-10-08, 20, 2.2, 0, 0, 0
1996-10-09, 15, 1.1, 0, 0, 0
1996-10-10, 21.1, -0.6, 0, 0, 0
1996-10-11, 24.4, 5, 0, 0, 0
1996-10-12, 26.7, 5, 0, 0, 0
1996-10-13, 22.2, 2.8, 0, 0, 0
1996-10-14, 18.9, 5, 0, 0, 0
1996-10-15, 19.4, -0.6, 0, 0, 0
1996-10-16, 7.8, 0, 0, 0, 0
1996-10-17, 12.2, -1.7, 7.9, 102, 0
1996-10-18, 15.6, -7.2, 0, 0, 0
1996-10-19, 18.3, 4.4, 0, 0, 0
1996-10-20, 5.6, 1.7, 30.5, 0, 0
1996-10-21, 4.4, -2.2, 0, 0, 0
1996-10-22, 12.8, -5.6, 0, 0, 0
1996-10-23, 10.6, -1.7, 0, 0, 0
1996-10-24, 11.1, -3.3, 0.5, 0, 0
1996-10-25, 9.4, -2.2, 0, 0, 0
1996-10-26, -0.6, -4.4, 44.5, 254, 254
1996-10-27, 3.3, -10, 0, 0, 152
1996-10-28, 6.7, -5, 0, 0, 102
1996-10-29, 14.4, -0.6, 49.5, 0, 76
1996-10-30, 1.1, -6.7, 0, 0, 25
1996-10-31, 1.1, -11.1, 0, 0, 25
1996-11-01, 6.1, -11.1, 0, 0, NA
1996-11-02, 12.8, -5.6, 0, 0, NA
1996-11-03, 16.1, -3.9, 0, 0, 0
1996-11-04, 13.9, -2.8, 0, 0, 0
1996-11-05, 5.6, -2.8, 1.5, 0, 0
1996-11-06, 4.4, -4.4, 0, 0, 0
1996-11-07, 4.4, -6.7, NA, NA, NA
1996-11-08, 1.1, -8.3, 0, 0, 0
1996-11-09, 7.8, -4.4, 0, 0, 0
1996-11-10, -3.3, -8.3, 0, 0, 0
1996-11-11, -7.2, -8.9, 0, 0, 0
1996-11-12, -0.6, -9.4, 0, 0, 0
1996-11-13, -4.4, -6.7, 0, 0, 0
1996-11-14, 0, -4.4, 0, 0, 0
1996-11-15, -1.1, -5.6, 0, 0, 0
1996-11-16, -5.6, -10, 3.8, 74, 76
1996-11-17, -3.9, -17.2, 0.8, 15, NA
1996-11-18, -5.6, -12.2, 0, 0, 102
1996-11-19, 9.4, -8.9, 0, 0, 76
1996-11-20, 11.1, -10, 0, 0, NA
1996-11-21, -1.7, -12.8, 0, 0, NA
1996-11-22, -6.7, -12.2, 0, 0, NA
1996-11-23, -10, -16.1, 11.4, NA, 25
1996-11-24, 1.1, -18.9, 0, 0, NA
1996-11-25, -2.8, -9.4, 0, 0, NA
1996-11-26, -7.2, -13.3, NA, 0, NA
1996-11-27, 5.6, -12.8, 0, 0, NA
1996-11-28, 10, -6.7, 0, 0, NA
1996-11-29, 2.8, -6.1, 0, 0, 0
1996-11-30, 1.1, -6.7, 0, 0, 0
1996-12-01, 2.8, -9.4, 0, NA, NA
1996-12-02, 2.8, -9.4, 1.5, 25, 25
1996-12-03, 1.7, -13.9, 0, NA, NA
1996-12-04, 0.6, -13.9, 0, NA, NA
1996-12-05, 8.3, -13.9, 0, NA, NA
1996-12-06, 4.4, -8.3, 0, NA, NA
1996-12-07, 3.3, -7.2, 0, NA, NA
1996-12-08, 5.6, -8.9, 0, NA, NA
1996-12-09, 13.9, -1.1, 0, NA, NA
1996-12-10, 12.2, -1.1, 0, NA, NA
1996-12-11, 9.4, -3.9, 0, NA, NA
1996-12-12, 6.7, -6.7, 0, NA, NA
1996-12-13, 4.4, -6.7, NA, NA, NA
1996-12-14, -5, -8.9, 5.1, 102, 102
1996-12-15, 1.1, -12.8, NA, NA, NA
1996-12-16, 0, -12.8, NA, NA, NA
1996-12-17, -12.8, -17.2, NA, NA, NA
1996-12-18, -13.9, -25, NA, NA, NA
1996-12-19, -6.7, -25, NA, NA, NA
1996-12-20, 6.1, -11.7, NA, NA, NA
1996-12-21, -4.4, -19.4, 8.9, 178, 178
1996-12-22, -16.7, -21.7, 0.5, 25, 203
1996-12-23, -17.2, -26.1, 1.3, 64, 279
1996-12-24, -17.2, -26.1, NA, NA, 279
1996-12-25, -17.8, -22.2, 5.1, 254, 406
1996-12-26, -9.4, -29.4, NA, NA, 330
1996-12-27, 7.8, -9.4, 0, NA, 152
1996-12-28, 6.7, -17.2, 0, NA, 102
1996-12-29, -8.3, -18.3, 0, NA, NA
1996-12-30, 12.2, -11.7, 0, NA, NA
1996-12-31, 12.8, -3.3, 0, NA, NA
1997-01-01, 14.4, 2.8, NA, NA, NA
1997-01-02, 12.2, 1.1, NA, NA, NA
1997-01-03, 5.6, 0.6, 0, NA, NA
1997-01-04, 3.3, -3.9, NA, NA, NA
1997-01-05, -1.7, -8.9, NA, NA, NA
1997-01-06, -1.1, -12.2, NA, NA, NA
1997-01-07, 3.3, -5.6, NA, NA, NA
1997-01-08, 3.3, -5.6, NA, NA, NA
1997-01-09, -0.6, -15, 0, 0, NA
1997-01-10, -11.7, -21.1, NA, NA, NA
1997-01-11, -18.9, -26.1, NA, NA, NA
1997-01-12, -17.8, -25.6, NA, NA, NA
1997-01-13, -8.9, -22.8, NA, NA, NA
1997-01-14, -8.9, -17.2, NA, NA, NA
1997-01-15, -0.6, -16.7, NA, NA, NA
1997-01-16, -10, -23.3, NA, NA, NA
1997-01-17, -3.9, -19.4, NA, NA, NA
1997-01-18, 10.6, -8.9, NA, NA, NA
1997-01-19, 16.7, -5.6, NA, NA, NA
1997-01-20, 16.1, -3.9, NA, NA, NA
1997-01-21, 10, 1.1, NA, NA, NA
1997-01-22, 1.1, -10, NA, NA, NA
1997-01-23, 2.8, -11.7, NA, NA, NA
1997-01-24, -5, -19.4, NA, NA, NA
1997-01-25, -19.4, -23.9, NA, NA, NA
1997-01-26, -13.9, -23.9, 1.5, 51, 51
1997-01-27, -12.2, -27.2, 0.8, 25, 76
1997-01-28, 5, -18.9, NA, NA, 25
1997-01-29, 6.1, -6.7, NA, NA, 25
1997-01-30, 14.4, -5, NA, NA, NA
1997-01-31, 12.8, -2.2, NA, NA, NA
1997-02-01, 5, 0, 12.7, 0, 0
1997-02-02, 7.8, -3.9, 0, 0, 0
1997-02-03, 0.6, -2.2, 15.2, 152, 152
1997-02-04, 1.1, -9.4, 15.2, 152, 102
1997-02-05, 0, -12.8, 0, 0, 102
1997-02-06, 1.7, -13.3, 0, 0, 102
1997-02-07, -5, -16.1, 0, 0, 102
1997-02-08, 3.3, -14.4, 0, 0, 76
1997-02-09, 3.3, -13.9, 0, 0, 76
1997-02-10, -0.6, -12.2, 0, 0, 76
1997-02-11, 0.6, -9.4, 0, 0, 76
1997-02-12, 2.8, -16.1, 0, 0, 76
1997-02-13, 4.4, -9.4, 0, 0, 76
1997-02-14, 4.4, -8.3, 0, 0, 51
1997-02-15, 5.6, -5, 0, 0, NA
1997-02-16, 13.3, -5, 0, 0, NA
1997-02-17, 14.4, -1.7, 0, 0, 0
1997-02-18, 7.2, -0.6, 0, 0, 0
1997-02-19, 12.8, -6.7, 0, 0, 0
1997-02-20, 9.4, -3.3, 0, 0, 0
1997-02-21, 3.3, -3.9, 0, 0, 0
1997-02-22, 1.7, -7.8, 0, 0, 0
1997-02-23, -3.9, -15.6, 0, 0, 0
1997-02-24, 1.1, -14.4, 0, 0, 0
1997-02-25, 11.7, -8.9, 0, 0, 0
1997-02-26, 4.4, -5.6, 0, 0, 0
1997-02-27, 4.4, -7.2, 0, 0, 0
1997-02-28, -1.7, -8.3, 0, 0, 0
1997-03-01, 2.2, -11.7, 0, 0, 0
1997-03-02, 8.9, -6.7, 0, 0, 0
1997-03-03, 0.6, -5, 6.4, 76, 76
1997-03-04, -3.9, -15.6, NA, NA, 51
1997-03-05, 1.1, -17.2, 0, 0, 51
1997-03-06, 0.6, -11.1, 0, 0, 25
1997-03-07, 9.4, -6.1, 0, 0, NA
1997-03-08, 10.6, -4.4, 0, 0, NA
1997-03-09, 10, -7.8, 0.8, 13, 0
1997-03-10, 10.6, -3.3, 0, 0, 0
1997-03-11, 15, -3.3, 0, 0, 0
1997-03-12, -0.6, -5.6, 0, 0, 0
1997-03-13, -3.3, -10, 0, 0, 0
1997-03-14, -10, -17.2, 0, 5, 0
1997-03-15, 2.2, -19.4, 0, 0, 0
1997-03-16, 18.3, -2.8, 0, 0, 0
1997-03-17, 10, -3.9, 0, 0, 0
1997-03-18, 13.3, -7.8, 0, 0, 0
1997-03-19, 20.6, -3.3, 0, 0, 0
1997-03-20, 24.4, 1.1, 0, 0, 0
1997-03-21, 13.3, -5, 0, 0, 0
1997-03-22, 12.8, -5.6, 0, 0, 0
1997-03-23, 15, -3.9, 0, 0, 0
1997-03-24, 10, 0, 0, 0, 0
1997-03-25, 12.2, -5.6, 0, 0, 0
1997-03-26, 22.2, -0.6, 0, 0, 0
1997-03-27, 21.7, 0.6, 0, 0, 0
1997-03-28, 8.9, -1.1, 0, 0, 0
1997-03-29, 6.7, -3.3, 0, 0, 0
1997-03-30, 14.4, -6.1, NA, 0, NA
1997-03-31, 22.2, -3.3, 0, 0, 0
1997-04-01, 11.7, 2.2, 0, 0, 0
1997-04-02, 7.2, -1.7, 0, 0, 0
1997-04-03, 18.9, -5.6, 0, 0, 0
1997-04-04, 15.6, 1.7, 5.6, 0, 0
1997-04-05, 1.1, -7.2, 20.3, 203, 203
1997-04-06, 7.2, -10, 15, 152, 152
1997-04-07, 22.2, -14.4, NA, NA, 127
1997-04-08, -6.7, -16.7, NA, NA, 127
1997-04-09, -6.7, -13.3, 8.9, 152, 279
1997-04-10, -6.7, -13.3, 8.1, 165, 381
1997-04-11, -5, -12.8, 0, 0, 279
1997-04-12, 1.7, -11.7, 0, 0, 203
1997-04-13, 5.6, -16.7, 0, 0, 152
1997-04-14, 12.8, -4.4, 0, 0, 102
1997-04-15, 13.3, -4.4, 2, 0, 25
1997-04-16, 11.7, -6.1, 0, 0, 0
1997-04-17, 21.1, -2.2, 0, 0, 0
1997-04-18, 20, 1.7, 0, 0, 0
1997-04-19, 17.8, 0.6, 0, 0, 0
1997-04-20, 16.7, 2.8, 0, 0, 0
1997-04-21, 12.8, 3.9, 10.7, 0, 0
1997-04-22, 9.4, 2.8, 0, 0, 0
1997-04-23, 8.9, -3.9, 2.3, 0, 0
1997-04-24, 8.3, -2.2, 0, NA, 0
1997-04-25, 10.6, -3.3, 0, 0, 0
1997-04-26, 12.2, 1.1, 0.8, 0, 0
1997-04-27, 18.3, -2.8, 0, 0, 0
1997-04-28, 15.6, 3.3, 1, 0, 0
1997-04-29, 8.9, 0.6, 17.8, 0, 0
1997-04-30, 12.2, 0.6, 2, 0, 0
1997-05-01, 6.1, -1.7, 16.5, 0, 0
1997-05-02, 4.4, 0.6, 30.5, NA, NA
1997-05-03, 13.9, -5, 0, 0, NA
1997-05-04, 22.8, -2.8, 0, 0, NA
1997-05-05, 18.3, -0.6, 0, 0, NA
1997-05-06, 19.4, 8.9, 0, 0, NA
1997-05-07, 16.7, 6.7, 0, 0, NA
1997-05-08, 16.7, 0.6, 0, 0, NA
1997-05-09, 21.7, -3.3, 0, 0, NA
1997-05-10, 17.2, 0.6, 0, 0, 0
1997-05-11, 12.2, 4.4, 0, 0, 0
1997-05-12, 13.3, 0, 0, 0, 0
1997-05-13, 18.9, 1.1, 0, 0, 0
1997-05-14, 15.6, 0, 0, 0, 0
1997-05-15, 19.4, -0.6, 0, 0, 0
1997-05-16, 27.2, 5.6, 0, 0, 0
1997-05-17, 25, 8.9, 0, 0, 0
1997-05-18, 18.9, 5.6, 3.8, 0, 0
1997-05-19, 15, 11.7, 0, 0, 0
1997-05-20, 20, 13.3, 0, 0, 0
1997-05-21, 19.4, 16.7, 0, 0, 0
1997-05-22, 13.9, 10, 8.1, 0, 0
1997-05-23, 16.7, 8.3, 0.3, 0, 0
1997-05-24, 12.8, 8.3, 0, 0, 0
1997-05-25, 12.2, 7.8, 86.4, 0, 0
1997-05-26, 12.2, 5, 25.4, 0, 0
1997-05-27, 5, 2.2, 1.5, 0, 0
1997-05-28, 5.6, 2.8, 0, 0, 0
1997-05-29, 11.1, 2.8, 0, 0, 0
1997-05-30, 18.3, 1.1, 0, 0, 0
1997-05-31, 25, 6.1, 0, 0, 0
1997-06-01, 25.6, 11.7, 9.9, 0, 0
1997-06-02, 20, 8.3, 0, 0, 0
1997-06-03, 21.7, 8.3, 10.7, 0, 0
1997-06-04, 21.1, 5.6, 0, 0, 0
1997-06-05, 21.7, 7.2, 0, 0, 0
1997-06-06, 21.1, 8.9, 0, 0, 0
1997-06-07, 24.4, 8.3, 0, 0, 0
1997-06-08, 24.4, 10.6, 0, 0, 0
1997-06-09, 21.7, 11.7, 0, 0, 0
1997-06-10, 18.9, 8.3, 0, 0, 0
1997-06-11, 17.2, 12.8, 5.6, 0, 0
1997-06-12, 16.7, 9.4, 1.8, 0, 0
1997-06-13, 16.1, 6.1, 4.8, 0, 0
1997-06-14, 26.1, 9.4, 0, 0, 0
1997-06-15, 22.2, 9.4, 6.6, 0, 0
1997-06-16, 23.3, 6.1, 0, 0, 0
1997-06-17, 25, 7.8, 1.3, 0, 0
1997-06-18, 25, 8.3, 4.6, 0, 0
1997-06-19, 20.6, 11.1, 3.3, 0, 0
1997-06-20, 20, 8.3, 0, 0, 0
1997-06-21, 26.1, 9.4, 2.3, 0, 0
1997-06-22, 32.2, 10.6, 0, 0, 0
1997-06-23, 29.4, 12.8, 0, 0, 0
1997-06-24, 20.6, 13.3, 0, 0, 0
1997-06-25, 18.9, 6.7, 0, 0, 0
1997-06-26, 27.8, 7.2, 0, 0, 0
1997-06-27, 31.7, 12.2, 0.5, 0, 0
1997-06-28, 24.4, 11.1, 0, 0, 0
1997-06-29, 25, 12.2, 0.8, 0, 0
1997-06-30, 23.9, 13.3, 0, 0, 0
1997-07-01, 30, 15.6, 0, 0, 0
1997-07-02, 22.8, 8.9, 0, 0, 0
1997-07-03, 16.7, 6.1, 1.3, 0, 0
1997-07-04, 21.1, 3.3, 0, 0, 0
1997-07-05, 21.7, 7.8, 0, 0, 0
1997-07-06, 23.3, 7.8, 0, 0, 0
1997-07-07, 23.3, 10.6, 9.1, 0, 0
1997-07-08, 26.7, 9.4, 0.8, 0, 0
1997-07-09, 30.6, 11.7, 0, 0, 0
1997-07-10, 33.3, 14.4, 0, 0, 0
1997-07-11, 22.8, 13.3, 1, 0, 0
1997-07-12, 24.4, 14.4, 0.8, 0, 0
1997-07-13, 22.8, 7.8, 0, 0, 0
1997-07-14, 27.2, 7.2, 0, 0, 0
1997-07-15, 31.1, 9.4, 0, 0, 0
1997-07-16, 31.7, 12.8, 0, 0, 0
1997-07-17, 29.4, 13.9, 0, 0, 0
1997-07-18, 29.4, 17.8, 0, 0, 0
1997-07-19, 24.4, 13.3, 16, 0, 0
1997-07-20, 21.7, 13.3, 7.9, 0, 0
1997-07-21, 21.7, 12.8, 15.2, 0, 0
1997-07-22, 26.7, 12.2, 0, 0, 0
1997-07-23, 28.3, 12.8, 1.3, 0, 0
1997-07-24, 28.3, 15.6, 26.4, 0, 0
1997-07-25, 31.7, 12.2, 0, 0, 0
1997-07-26, 24.4, 13.3, 0, 0, 0
1997-07-27, 23.9, 15.6, 1, 0, 0
1997-07-28, 20, 13.9, 0.5, 0, 0
1997-07-29, 20, 10, 22.1, 0, 0
1997-07-30, 22.2, 10.6, 3.8, 0, 0
1997-07-31, 25.6, 15.6, 6.6, 0, 0
1997-08-01, 26.7, 12.2, 5.3, 0, NA
1997-08-02, 28.3, 13.3, 0, 0, 0
1997-08-03, 29.4, 12.8, NA, 0, 0
1997-08-04, 26.1, 12.2, 0, 0, 0
1997-08-05, 24.4, 11.1, 15.2, 0, 0
1997-08-06, 22.8, 11.7, 0, 0, 0
1997-08-07, 25, 7.8, 0, 0, 0
1997-08-08, 27.2, 11.7, 0, 0, 0
1997-08-09, 22.2, 13.3, 0, 0, 0
1997-08-10, 14.4, 8.9, 4.1, 0, 0
1997-08-11, 17.2, 10, 8.4, 0, 0
1997-08-12, 21.1, 8.3, 0, 0, 0
1997-08-13, 25, 8.3, 0.8, 0, 0
1997-08-14, 23.9, 10, 0.8, 0, 0
1997-08-15, 22.8, 10.6, 0, 0, 0
1997-08-16, 15.6, 10, 0, 0, 0
1997-08-17, 14.4, 9.4, 1.5, 0, 0
1997-08-18, 22.2, 7.8, 1.5, 0, 0
1997-08-19, 25, 10, 1.5, 0, 0
1997-08-20, 22.8, 7.8, 0, 0, 0
1997-08-21, 23.3, 8.3, 0, 0, 0
1997-08-22, 28.9, 11.1, 0, 0, 0
1997-08-23, 28.9, 10.6, 0.5, 0, 0
1997-08-24, 32.2, 13.9, 0, 0, 0
1997-08-25, 25, 12.2, 6.6, 0, 0
1997-08-26, 28.3, 12.2, 0, 0, 0
1997-08-27, 25.6, 13.3, 5.8, 0, 0
1997-08-28, 27.2, 12.8, 0, 0, 0
1997-08-29, 28.3, 13.3, 0, 0, 0
1997-08-30, 24.4, 10.6, 0, 0, 0
1997-08-31, 31.7, 13.3, 0, 0, 0
1997-09-01, 28.3, 12.2, 0, 0, 0
1997-09-02, 22.8, 8.3, 0, 0, 0
1997-09-03, 28.3, 10.6, 0, 0, 0
1997-09-04, 26.7, 16.7, 12.2, 0, 0
1997-09-05, 24.4, 12.2, 33, 0, 0
1997-09-06, 25.6, 9.4, 0, 0, 0
1997-09-07, 25.6, 8.9, 1.5, 0, 0
1997-09-08, 21.1, 8.9, 1, 0, 0
1997-09-09, 20, 2.8, 0, 0, 0
1997-09-10, 25, 5, 0, 0, 0
1997-09-11, 26.7, 11.1, 0, 0, 0
1997-09-12, 24.4, 11.1, 0, 0, 0
1997-09-13, 26.7, 7.2, 0, 0, 0
1997-09-14, 29.4, 10.6, 0, 0, 0
1997-09-15, 29.4, 10, 0, 0, 0
1997-09-16, 22.2, 7.2, 0, 0, 0
1997-09-17, 25, 2.2, 0, 0, 0
1997-09-18, 23.3, 7.8, 0, 0, 0
1997-09-19, 13.3, 5.6, 9.1, 0, 0
1997-09-20, 10.6, 0.6, 0, 0, 0
1997-09-21, 10, 5.6, 0, 0, 0
1997-09-22, 9.4, 7.2, 3.3, 0, 0
1997-09-23, 15, 3.9, 8.9, 0, 0
1997-09-24, 21.1, 2.8, 0, 0, 0
1997-09-25, 25, 2.2, 0, 0, 0
1997-09-26, 24.4, 6.7, 0, 0, 0
1997-09-27, 15, 7.2, 0, 0, 0
1997-09-28, 18.3, 5.6, 0, 0, 0
1997-09-29, 22.8, 2.2, 0, 0, 0
1997-09-30, 23.9, 2.8, 0, 0, 0
