"date", "data_product_code", "temperature", "temperature_dewpoint", "cloud_cover_fraction", "air_pressure", "wind_speed", "wind_dir_degrees", "ISD_precip_01hr"
1950-11-01 13:00:00, "SAO  ", -1.1, -3.3, 0, 1021.7, 1.5, 315, 0
1950-11-01 14:00:00, "SAO  ", 0.6, -2.2, 0, 1022, 0, 0, 0
1950-11-01 15:00:00, "SAO  ", 5.6, -1.7, 0, 1022, 3.6, 270, 0
1950-11-01 16:00:00, "SAO  ", 8.3, -3.3, 0, 1022.4, 2.6, 270, 0
1950-11-01 17:00:00, "SAO  ", 9.4, -2.8, 0, 1021.7, 1.5, 270, 0
1950-11-01 18:00:00, "SAO  ", 11.1, -2.8, 0, 1020.7, 0, 0, 0
1950-11-01 19:00:00, "SAO  ", 12.2, -2.8, 0.25, 1019.3, 1.5, 270, 0
1950-11-01 20:00:00, "SAO  ", 12.8, -1.7, 0.625, 1019, 1.5, 135, 0
1950-11-01 21:00:00, "SAO  ", 11.7, -2.2, 0.875, 1019, 0, 0, 0
1950-11-01 22:00:00, "SAO  ", 11.1, -2.2, 1, 1019.3, 0.5, 135, 0
1950-11-01 23:00:00, "SAO  ", 9.4, -3.9, 1, 1020, 3.1, 45, 0
1950-11-02 00:00:00, "SAO  ", 6.7, -5.6, 0.75, 1020, 4.1, 45, 0
1950-11-02 01:00:00, "SAO  ", 3.9, -5, 0.5, 1020.7, 3.6, 45, 0
1950-11-02 02:00:00, "SAO  ", 3.3, -5, 0.25, 1020, 4.1, 45, 0
1950-11-02 03:00:00, "SAO  ", 3.3, -4.4, 0.25, 1019.3, 2.1, 23, 0
1950-11-02 04:00:00, "SAO  ", 2.8, -4.4, 0.25, 1019, 1.5, 90, 0
1950-11-02 05:00:00, "SAO  ", 1.7, -5.6, 0.25, 1018, 1.5, 360, 0
1950-11-02 06:00:00, "SAO  ", 1.1, -5.6, 0.25, 1016.9, 1.5, 293, 0
1950-11-02 07:00:00, "SAO  ", 1.7, -3.9, 0.75, 1016.6, 1, 23, 0
1950-11-02 08:00:00, "SAO  ", 2.8, -3.3, 1, 1015.9, 1, 270, 0
1950-11-02 09:00:00, "SAO  ", 2.2, -3.3, 1, 1015.9, 0.5, 338, 0
1950-11-02 10:00:00, "SAO  ", 2.2, -4.4, 0.75, 1016.6, 2.1, 315, 0
1950-11-02 11:00:00, "SAO  ", 1.7, -5, 0.875, 1016.9, 5.2, 360, 0
1950-11-02 12:00:00, "SAO  ", 1.7, -4.4, 1, 1019, 8.8, 360, 0
1950-11-02 13:00:00, "SAO  ", 0, -0.6, 1, 1021.7, 6.7, 338, 0
1950-11-02 14:00:00, "SAO  ", 1.1, 0, 1, 1023.7, 7.7, 360, 0
1950-11-02 15:00:00, "SAO  ", 1.1, 0.6, 1, 1025.1, 9.3, 360, 0
1950-11-02 16:00:00, "SAO  ", 0, 0, 1, 1027.8, 8.2, 338, 0
1950-11-02 17:00:00, "SAO  ", 0.6, 0.6, 1, 1029.5, 8.8, 360, 3
1950-11-02 18:00:00, "SAO  ", 0.6, 0, 1, 1029.5, 8.8, 338, 5
1950-11-02 19:00:00, "SAO  ", 0.6, 0, 1, 1030.8, 10.8, 338, 5
1950-11-02 20:00:00, "SAO  ", 2.8, 0.6, 0.875, 1030.1, 10.8, 315, 3
1950-11-02 21:00:00, "SAO  ", 0.6, -0.6, 1, 1031.5, 7.2, 338, 0
1950-11-02 22:00:00, "SAO  ", 0, 0, 1, 1032.5, 7.7, 338, 8
1950-11-02 23:00:00, "SAO  ", -0.6, -0.6, 1, 1033.9, 5.7, 338, 13
1950-11-03 00:00:00, "SAO  ", -1.1, -1.1, 1, 1034.2, 8.2, 360, 8
1950-11-03 01:00:00, "SAO  ", -1.7, -3.9, 0.75, 1034.9, 8.8, 360, 0
1950-11-03 02:00:00, "SAO  ", -2.2, -3.3, 1, 1035.9, 8.2, 360, 0
1950-11-03 03:00:00, "SAO  ", -2.2, -3.3, 1, 1036.2, 6.7, 338, 0
1950-11-03 04:00:00, "SAO  ", -2.2, -3.3, 1, 1036.9, 4.6, 338, 0
1950-11-03 05:00:00, "SAO  ", -3.3, -5, 0.625, 1036.9, 3.6, 338, 0
1950-11-03 06:00:00, "SAO  ", -5, -7.2, 0.625, 1037.3, 4.1, 338, 0
1950-11-03 07:00:00, "SAO  ", -6.7, -8.9, 0.625, 1037.6, 0.5, 270, 0
1950-11-03 08:00:00, "SAO  ", -7.2, -8.9, 0.25, 1037.3, 0.5, 225, 0
1950-11-03 09:00:00, "SAO  ", -7.2, -8.9, 0.25, 1037.6, 1.5, 248, 0
1950-11-03 10:00:00, "SAO  ", -7.2, -8.9, 0, 1037.3, 1, 248, 0
1950-11-03 11:00:00, "SAO  ", -7.2, -10, 0, 1036.6, 1.5, 293, 0
1950-11-03 12:00:00, "SAO  ", -7.2, -10, 0, 1035.9, 1.5, 293, 0
1950-11-03 13:00:00, "SAO  ", -6.7, -8.3, 0, 1036.6, 1, 293, 0
1950-11-03 14:00:00, "SAO  ", -5, -8.3, 0.125, 1036.2, 2.6, 270, 0
1950-11-03 15:00:00, "SAO  ", -3.9, -7.8, 0.375, 1035.9, 2.1, 270, 0
1950-11-03 16:00:00, "SAO  ", -1.1, -5, 0.375, 1035.6, 1.5, 293, 0
1950-11-03 17:00:00, "SAO  ", 0.6, -2.2, 0.375, 1034.5, 1.5, 315, 0
1950-11-03 18:00:00, "SAO  ", 1.1, -1.7, 0.375, 1033.5, 1, 90, 0
1950-11-03 19:00:00, "SAO  ", 0, -2.2, 0.625, 1032.9, 2.1, 90, 0
1950-11-03 20:00:00, "SAO  ", 1.1, -1.1, 0.625, 1031.2, 2.1, 90, 0
1950-11-03 21:00:00, "SAO  ", 1.7, -2.2, 0.375, 1030.5, 2.1, 90, 0
1950-11-03 22:00:00, "SAO  ", 1.7, -2.2, 0.375, 1029.8, 2.6, 90, 0
1950-11-03 23:00:00, "SAO  ", 0, -2.8, 0.375, 1029.1, 1.5, 135, 0
1950-11-04 00:00:00, "SAO  ", -0.6, -5.6, 0.375, 1028.1, 1.5, 180, 0
1950-11-04 01:00:00, "SAO  ", -0.6, -5.6, 0.75, 1027.4, 1.5, 203, 0
1950-11-04 02:00:00, "SAO  ", -0.6, -5.6, 0.25, 1026.4, 1.5, 180, 0
1950-11-04 03:00:00, "SAO  ", -0.6, -4.4, 1, 1025.7, 1, 180, 0
1950-11-04 04:00:00, "SAO  ", 0, -4.4, 1, 1024.4, 1.5, 135, 0
1950-11-04 05:00:00, "SAO  ", 0.6, -3.9, 1, 1022.4, 1.5, 135, 0
1950-11-04 06:00:00, "SAO  ", 0.6, -3.9, 1, 1021.3, 1.5, 135, 0
1950-11-04 07:00:00, "SAO  ", 1.1, -2.2, 1, 1019.6, 1.5, 90, 0
1950-11-04 08:00:00, "SAO  ", 1.7, -2.8, 1, 1019, 1, 90, 0
1950-11-04 09:00:00, "SAO  ", 1.7, -2.8, 1, 1018.6, 1.5, 90, 0
1950-11-04 10:00:00, "SAO  ", 1.7, -1.7, 1, 1018, 0, 0, 0
1950-11-04 11:00:00, "SAO  ", 2.2, -0.6, 1, 1017.6, 0, 0, 0
1950-11-04 12:00:00, "SAO  ", 3.3, -0.6, 1, 1017.3, 0, 0, 0
1950-11-04 13:00:00, "SAO  ", 1.7, -1.1, 0.875, 1016.9, 1, 68, 0
1950-11-04 14:00:00, "SAO  ", 6.7, 1.7, 0.875, 1016.3, 1, 270, 0
1950-11-04 15:00:00, "SAO  ", 7.2, 3.3, 1, 1016.6, 1.5, 293, 0
1950-11-04 16:00:00, "SAO  ", 12.2, 5.6, 1, 1015.6, 1.5, 270, 0
1950-11-04 17:00:00, "SAO  ", 15.6, 6.1, 1, 1014.9, 3.6, 315, 0
1950-11-04 18:00:00, "SAO  ", 16.1, 4.4, 1, 1013.9, 8.8, 338, 0
1950-11-04 19:00:00, "SAO  ", 17.8, 5, 1, 1012.2, 8.8, 315, 0
1950-11-04 20:00:00, "SAO  ", 18.9, 2.8, 1, 1011.9, 9.3, 338, 0
1950-11-04 21:00:00, "SAO  ", 18.9, 1.7, 1, 1011.9, 8.2, 315, 0
1950-11-04 22:00:00, "SAO  ", 18.3, 2.2, 1, 1010.8, 3.6, 315, 0
1950-11-04 23:00:00, "SAO  ", 16.1, 5, 1, 1010.2, 1.5, 293, 0
1950-11-05 00:00:00, "SAO  ", 12.8, 5.6, 0.75, 1010.5, 2.1, 248, 0
1950-11-05 01:00:00, "SAO  ", 10, 2.8, 0.75, 1010.5, 1.5, 248, 0
1950-11-05 02:00:00, "SAO  ", 10, 2.8, 0.25, 1009.1, 1.5, 293, 0
1950-11-05 03:00:00, "SAO  ", 10, 2.2, 0, 1008.1, 1.5, 270, 0
1950-11-05 04:00:00, "SAO  ", 7.2, 1.7, 0, 1007.5, 1.5, 225, 0
1950-11-05 05:00:00, "SAO  ", 8.9, -0.6, 0, 1006.4, 0.5, 225, 0
1950-11-05 06:00:00, "SAO  ", 8.9, -0.6, 0, 1005.1, 0.5, 158, 0
1950-11-05 07:00:00, "SAO  ", 7.2, -1.7, 0, 1003.7, 0, 0, 0
1950-11-05 08:00:00, "SAO  ", 10.6, -1.7, 0, 1002, 3.1, 248, 0
1950-11-05 09:00:00, "SAO  ", 5, 2.2, 0, 1001.7, 3.1, 45, 0
1950-11-05 10:00:00, "SAO  ", 6.7, -1.1, 0, 1000.7, 2.6, 90, 0
1950-11-05 11:00:00, "SAO  ", 8.3, -2.2, 0.125, 1001, 1.5, 315, 0
1950-11-05 12:00:00, "SAO  ", 5.6, -1.7, 0, 1001.4, 1.5, 203, 0
1950-11-05 13:00:00, "SAO  ", 8.3, -2.8, 0.125, 1002, 5.2, 315, 0
1950-11-05 14:00:00, "SAO  ", 9.4, 0, 0.625, 1002.7, 1.5, 225, 0
1950-11-05 15:00:00, "SAO  ", 13.3, -0.6, 0.75, 1003.4, 5.2, 315, 0
1950-11-05 16:00:00, "SAO  ", 18.3, -2.2, 0.125, 1003.1, 12.9, 315, 0
1950-11-05 17:00:00, "SAO  ", 20, 0, 0.375, 1002.7, 15.5, 315, 0
1950-11-05 18:00:00, "SAO  ", 20, 0, 1, 1002.4, 15.5, 315, 0
1950-11-05 19:00:00, "SAO  ", 17.2, 0, 0.625, 1003.1, 17.5, 293, 0
1950-11-05 20:00:00, "SAO  ", 16.7, -0.6, 0.25, 1004.1, 15.5, 315, 0
1950-11-05 21:00:00, "SAO  ", 15, 0, 0, 1006.1, 18, 338, 0
1950-11-05 22:00:00, "SAO  ", 13.3, -1.1, 0, 1007.8, 15.5, 338, 0
1950-11-05 23:00:00, "SAO  ", 10.6, -1.7, 0, 1009.1, 14.4, 338, 0
1950-11-06 00:00:00, "SAO  ", 9.4, -2.2, 0, 1011.5, 12.9, 338, 0
1950-11-06 01:00:00, "SAO  ", 6.7, -1.1, 0, 1013.2, 12.9, 338, 0
1950-11-06 02:00:00, "SAO  ", 5.6, -1.1, 0, 1013.9, 10.3, 338, 0
1950-11-06 03:00:00, "SAO  ", 5, -4.4, 0, 1014.6, 8.8, 338, 0
1950-11-06 04:00:00, "SAO  ", 3.3, -3.9, 0, 1015.6, 5.2, 315, 0
1950-11-06 05:00:00, "SAO  ", 1.7, -5, 0, 1016.6, 2.6, 315, 0
1950-11-06 06:00:00, "SAO  ", 1.1, -5, 0, 1016.9, 3.6, 315, 0
1950-11-06 07:00:00, "SAO  ", 1.7, -5.6, 0.25, 1018.6, 5.7, 315, 0
1950-11-06 08:00:00, "SAO  ", 1.1, -6.1, 0.25, 1019, 3.1, 293, 0
1950-11-06 09:00:00, "SAO  ", 1.7, -6.1, 0.625, 1019.6, 2.6, 315, 0
1950-11-06 10:00:00, "SAO  ", 1.7, -6.1, 0.75, 1019.3, 3.6, 270, 0
1950-11-06 11:00:00, "SAO  ", 1.1, -3.9, 0.75, 1020, 1.5, 270, 0
1950-11-06 12:00:00, "SAO  ", 1.7, -5, 1, 1020.3, 2.1, 225, 0
1950-11-06 13:00:00, "SAO  ", 1.7, -4.4, 0.875, 1020.7, 1, 135, 0
1950-11-06 14:00:00, "SAO  ", 1.7, -4.4, 1, 1021, 1.5, 113, 0
1950-11-06 15:00:00, "SAO  ", 2.8, -3.3, 1, 1021, 2.1, 135, 0
1950-11-06 16:00:00, "SAO  ", 6.7, -3.9, 1, 1019.6, 5.2, 180, 0
1950-11-06 17:00:00, "SAO  ", 6.7, -2.8, 1, 1019.6, 5.7, 180, 0
1950-11-06 18:00:00, "SAO  ", 7.8, -3.3, 0.875, 1018.6, 5.2, 158, 0
1950-11-06 19:00:00, "SAO  ", 10.6, -0.6, 1, 1015.2, 5.2, 158, 0
1950-11-06 20:00:00, "SAO  ", 10, -3.3, 1, 1015.9, 7.2, 158, 0
1950-11-06 21:00:00, "SAO  ", 10.6, -3.3, 1, 1015.2, 5.2, 158, 0
1950-11-06 22:00:00, "SAO  ", 10, -1.7, 1, 1014.9, 3.6, 135, 0
1950-11-06 23:00:00, "SAO  ", 6.7, -2.2, 1, 1016.6, 5.2, 23, 0
1950-11-07 00:00:00, "SAO  ", 4.4, -3.9, 0.75, 1016.9, 2.1, 225, 0
1950-11-07 01:00:00, "SAO  ", 1.7, -5, 0.5, 1017.6, 1.5, 360, 0
1950-11-07 02:00:00, "SAO  ", 0, -4.4, 0.5, 1018.6, 3.1, 23, 0
1950-11-07 03:00:00, "SAO  ", 0, -5, 0.25, 1018.6, 2.6, 45, 0
1950-11-07 04:00:00, "SAO  ", -0.6, -5.6, 0.25, 1017.6, 3.1, 45, 0
1950-11-07 05:00:00, "SAO  ", -1.1, -5, 0.375, 1017.6, 2.1, 225, 0
1950-11-07 06:00:00, "SAO  ", -1.1, -4.4, 0.375, 1016.9, 2.1, 225, 0
1950-11-07 07:00:00, "SAO  ", -0.6, -4.4, 1, 1016.3, 0, 0, 0
1950-11-07 08:00:00, "SAO  ", 0.6, -3.3, 1, 1016.3, 0, 0, 0
1950-11-07 09:00:00, "SAO  ", 1.1, -2.2, 1, 1016.3, 0, 0, 0
1950-11-07 10:00:00, "SAO  ", 5.6, 1.7, 0.75, 1015.2, 2.6, 293, 0
1950-11-07 11:00:00, "SAO  ", 4.4, 0.6, 0.25, 1016.3, 3.6, 270, 0
1950-11-07 12:00:00, "SAO  ", 3.3, 0, 0, 1016.6, 1.5, 248, 0
1950-11-07 13:00:00, "SAO  ", 2.2, 0, 0.125, 1017.3, 1, 225, 0
1950-11-07 14:00:00, "SAO  ", 1.7, 0, 0.125, 1017.3, 0.5, 360, 0
1950-11-07 15:00:00, "SAO  ", 6.1, 1.7, 0.25, 1016.3, 1.5, 225, 0
1950-11-07 16:00:00, "SAO  ", 9.4, 2.2, 1, 1015.6, 2.1, 270, 0
1950-11-07 17:00:00, "SAO  ", 10.6, 0, 1, 1015.6, 5.7, 270, 0
1950-11-07 18:00:00, "SAO  ", 10, 2.2, 1, 1013.9, 3.1, 270, 0
1950-11-07 19:00:00, "SAO  ", 10, 2.2, 1, 1013.2, 2.1, 270, 0
1950-11-07 20:00:00, "SAO  ", 10.6, 0, 1, 1011.5, NA, 90, 0
1950-11-07 21:00:00, "SAO  ", 8.3, 3.3, 1, 1010.8, 4.6, 23, 0
1950-11-07 22:00:00, "SAO  ", 6.1, 5, 1, 1010.2, 6.7, 23, 3
1950-11-07 23:00:00, "SAO  ", 4.4, 2.8, 1, 1010.8, 7.7, 338, 3
1950-11-08 00:00:00, "SAO  ", 3.3, 2.2, 1, 1011.5, 8.2, 360, 3
1950-11-08 01:00:00, "SAO  ", 0, 0, 1, 1013.9, 8.8, 338, 5
1950-11-08 02:00:00, "SAO  ", 0, 0, 1, 1013.9, 10.3, 338, 8
1950-11-08 03:00:00, "SAO  ", -1.1, -1.1, 1, 1014.2, 15.5, 338, 13
1950-11-08 04:00:00, "SAO  ", -1.7, -2.2, 1, 1016.3, 11.3, 338, 8
1950-11-08 05:00:00, "SAO  ", -1.7, -2.8, 1, 1015.6, 10.3, 338, 0
1950-11-08 06:00:00, "SAO  ", -1.7, -3.3, 1, 1015.9, 10.3, 338, 0
1950-11-08 07:00:00, "SAO  ", -2.2, -5.6, 1, 1016.3, 11.3, 315, 0
1950-11-08 08:00:00, "SAO  ", -2.2, -5, 1, 1016.3, 8.8, 315, 0
1950-11-08 09:00:00, "SAO  ", -2.2, -5, 1, 1016.6, 11.3, 315, 0
1950-11-08 10:00:00, "SAO  ", -3.3, -6.1, 0.75, 1017.6, 8.8, 338, 0
1950-11-08 11:00:00, "SAO  ", -3.3, -6.7, 1, 1018.3, 10.3, 315, 0
1950-11-08 12:00:00, "SAO  ", -3.9, -7.2, 1, 1019, 8.8, 315, 0
1950-11-08 13:00:00, "SAO  ", -3.9, -7.2, 0.75, 1020, 9.8, 315, 0
1950-11-08 14:00:00, "SAO  ", -4.4, -6.7, 0.75, 1020.3, 11.3, 315, 0
1950-11-08 15:00:00, "SAO  ", -4.4, -6.7, 0.75, 1021.7, 11.8, 315, 0
1950-11-08 16:00:00, "SAO  ", -4.4, -6.7, 0.75, 1022.4, 15.5, 315, 0
1950-11-08 17:00:00, "SAO  ", -4.4, -7.2, 0.875, 1023.4, 15.5, 315, 0
1950-11-08 18:00:00, "SAO  ", -4.4, -8.3, 1, 1023.7, 14.9, 315, 0
1950-11-08 19:00:00, "SAO  ", -4.4, -7.8, 1, 1023.7, 17, 315, 0
1950-11-08 20:00:00, "SAO  ", -4.4, -8.9, 1, 1024, 13.9, 338, 0
1950-11-08 21:00:00, "SAO  ", -5, -8.3, 1, 1025.1, 15.5, 338, 0
1950-11-08 22:00:00, "SAO  ", -5, -8.3, 0.75, 1026.4, 15.5, 315, 0
1950-11-08 23:00:00, "SAO  ", -6.1, -8.3, 0.75, 1027.1, 14.4, 338, 0
1950-11-09 00:00:00, "SAO  ", -6.1, -8.9, 0.875, 1027.8, 14.9, 338, 0
1950-11-09 01:00:00, "SAO  ", -6.7, -11.1, 0.125, 1029.5, 13.4, 315, 0
1950-11-09 02:00:00, "SAO  ", -8.3, -12.2, 0.75, 1031.2, 14.4, 338, 0
1950-11-09 03:00:00, "SAO  ", -8.9, -12.2, 0.75, 1031.5, 15.5, 338, 0
1950-11-09 04:00:00, "SAO  ", -10, -13.9, 0.375, 1032.2, 16, 338, 0
1950-11-09 05:00:00, "SAO  ", -10.6, -14.4, 0.75, 1032.2, 17, 338, 0
1950-11-09 06:00:00, "SAO  ", -11.1, -15, 0.375, 1033.5, 16.5, 338, 0
1950-11-09 07:00:00, "SAO  ", -11.7, -15.6, 0.25, 1033.9, 13.4, 338, 0
1950-11-09 08:00:00, "SAO  ", -11.7, -16.7, 0.125, 1034.2, 14.4, 315, 0
1950-11-09 09:00:00, "SAO  ", -11.7, -16.1, 0, 1034.2, 11.3, 315, 0
1950-11-09 10:00:00, "SAO  ", -11.7, -16.7, 0.125, 1034.5, 10.8, 315, 0
1950-11-09 11:00:00, "SAO  ", -12.2, -15.6, 0.125, 1034.9, 18, 315, 0
1950-11-09 12:00:00, "SAO  ", -12.2, -15.6, 0, 1035.6, 16.5, 315, 0
1950-11-09 13:00:00, "SAO  ", -12.2, -15, 0.625, 1036.9, 15.5, 315, 0
1950-11-09 14:00:00, "SAO  ", -11.7, -16.7, 0.75, 1037.6, 14.4, 315, 0
1950-11-09 15:00:00, "SAO  ", -11.7, -16.7, 1, 1038.9, 16, 315, 0
1950-11-09 16:00:00, "SAO  ", -11.1, -15.6, 1, 1039.6, 17, 315, 0
1950-11-09 17:00:00, "SAO  ", -10.6, -16.1, 1, 1040, 15.5, 315, 0
1950-11-09 18:00:00, "SAO  ", -10, -16.1, 1, 1040, 14.4, 315, 0
1950-11-09 19:00:00, "SAO  ", -9.4, -13.3, 0.75, 1038.6, 15.5, 315, 0
1950-11-09 20:00:00, "SAO  ", -8.3, -13.9, 0.75, 1038.6, 13.4, 315, 0
1950-11-09 21:00:00, "SAO  ", -8.9, -12.8, 0.5, 1037.6, 13.4, 315, 0
1950-11-09 22:00:00, "SAO  ", -9.4, -13.3, 0.375, 1038.6, 13.4, 315, 0
1950-11-09 23:00:00, "SAO  ", -10, -13.3, 0.25, 1038.9, 11.8, 338, 0
1950-11-10 00:00:00, "SAO  ", -10.6, -15.6, 0.25, 1040, 8.8, 315, 0
1950-11-10 01:00:00, "SAO  ", -10.6, -13.3, 0.125, 1039.6, 9.8, 315, 0
1950-11-10 02:00:00, "SAO  ", -11.1, -14.4, 0, 1038.9, 8.2, 338, 0
1950-11-10 03:00:00, "SAO  ", -11.7, -15.6, 0, 1038.9, 5.7, 315, 0
1950-11-10 04:00:00, "SAO  ", -12.8, -16.1, 0, 1038.9, 2.1, 270, 0
1950-11-10 05:00:00, "SAO  ", -12.2, -17.8, 0, 1038.3, 3.1, 180, 0
1950-11-10 06:00:00, "SAO  ", -12.8, -16.7, 0, 1037.6, 0, 0, 0
1950-11-10 07:00:00, "SAO  ", -15, -17.8, 0, 1037.3, 0, 0, 0
1950-11-10 08:00:00, "SAO  ", -15, -18.9, 0, 1035.9, 1.5, 225, 0
1950-11-10 09:00:00, "SAO  ", -15, -17.8, 0, 1035.2, 1.5, 225, 0
1950-11-10 10:00:00, "SAO  ", -15, -19.4, 0, 1033.9, 1.5, 225, 0
1950-11-10 11:00:00, "SAO  ", -14.4, -18.3, 0, 1033.2, 1.5, 293, 0
1950-11-10 12:00:00, "SAO  ", -13.3, -19.4, 0, 1032.9, 0.5, 225, 0
1950-11-10 13:00:00, "SAO  ", -13.3, -20, 0, 1032.5, 1.5, 270, 0
1950-11-10 14:00:00, "SAO  ", -11.1, -17.8, 0, 1031.5, 1, 293, 0
1950-11-10 15:00:00, "SAO  ", -9.4, -19.4, 0, 1030.8, 1, 225, 0
1950-11-10 16:00:00, "SAO  ", -5.6, -13.9, 0, 1029.5, 1.5, 158, 0
1950-11-10 17:00:00, "SAO  ", -3.3, -13.9, 0.5, 1028.1, 2.1, 180, 0
1950-11-10 18:00:00, "SAO  ", -2.2, -15.6, 0.75, 1027.4, 1, 45, 0
1950-11-10 19:00:00, "SAO  ", -2.2, -14.4, 1, 1025.7, 1.5, 135, 0
1950-11-10 20:00:00, "SAO  ", -1.1, -9.4, 1, 1024.4, 2.1, 135, 0
1950-11-10 21:00:00, "SAO  ", -1.7, -13.9, 1, 1024.4, 5.2, 135, 0
1950-11-10 22:00:00, "SAO  ", -2.8, -15, 1, 1024, 4.6, 135, 0
1950-11-10 23:00:00, "SAO  ", -3.9, -11.1, 1, 1023.4, 4.1, 158, 0
1950-11-11 00:00:00, "SAO  ", -4.4, -11.7, 1, 1022.7, 2.6, 158, 0
1950-11-11 01:00:00, "SAO  ", -4.4, -9.4, 1, 1022.4, 1.5, 135, 0
1950-11-11 02:00:00, "SAO  ", -6.7, -10.6, 0.75, 1022.4, 1, 113, 0
1950-11-11 03:00:00, "SAO  ", -7.8, -11.1, 0.25, 1022, 1.5, 135, 0
1950-11-11 04:00:00, "SAO  ", -6.1, -10.6, 1, 1020.3, 1.5, 23, 0
1950-11-11 05:00:00, "SAO  ", -5.6, -9.4, 1, 1020, 1.5, 23, 0
1950-11-11 06:00:00, "SAO  ", -6.1, -9.4, 0.625, 1020.3, 1, 315, 0
1950-11-11 07:00:00, "SAO  ", -6.1, -11.1, 0.5, 1020.7, 1.5, 360, 0
1950-11-11 08:00:00, "SAO  ", -4.4, -7.2, 0.5, 1020.3, 2.1, 315, 0
1950-11-11 09:00:00, "SAO  ", -3.9, -5.6, 1, 1020.7, 1.5, 270, 0
1950-11-11 10:00:00, "SAO  ", -5, -7.2, 1, 1021, 2.1, 293, 0
1950-11-11 11:00:00, "SAO  ", -4.4, -6.7, 1, 1021.3, 1, 270, 0
1950-11-11 12:00:00, "SAO  ", -3.9, -5.6, 1, 1022, 1.5, 315, 0
1950-11-11 13:00:00, "SAO  ", -1.7, -3.9, 1, 1022, 4.6, 338, 0
1950-11-11 14:00:00, "SAO  ", -2.2, -3.9, 1, 1022.7, 4.6, 338, 0
1950-11-11 15:00:00, "SAO  ", -1.7, -3.9, 1, 1023, 5.2, 338, 0
1950-11-11 16:00:00, "SAO  ", -1.7, -3.3, 1, 1023, 5.2, 338, 0
1950-11-11 17:00:00, "SAO  ", -1.7, -3.9, 1, 1023, 6.2, 315, 0
1950-11-11 18:00:00, "SAO  ", -1.7, -3.9, 1, 1023, 5.7, 338, 0
1950-11-11 19:00:00, "SAO  ", -1.7, -3.9, 1, 1022.4, 6.7, 338, 0
1950-11-11 20:00:00, "SAO  ", -1.7, -5, 1, 1022.4, 6.2, 338, 0
1950-11-11 21:00:00, "SAO  ", -1.7, -5.6, 1, 1022.4, 6.2, 338, 0
1950-11-11 22:00:00, "SAO  ", -1.7, -5.6, 1, 1022.4, 6.2, 360, 0
1950-11-11 23:00:00, "SAO  ", -2.2, -5, 1, 1022.7, 2.1, 315, 0
1950-11-12 00:00:00, "SAO  ", -2.2, -5, 1, 1022.7, 3.6, 360, 0
1950-11-12 01:00:00, "SAO  ", -2.8, -5, 1, 1022.7, 2.1, 360, 0
1950-11-12 02:00:00, "SAO  ", -4.4, -7.2, 0.75, 1023, 1.5, 360, 0
1950-11-12 03:00:00, "SAO  ", -4.4, -7.8, 1, 1023.4, 1.5, 315, 0
1950-11-12 04:00:00, "SAO  ", -4.4, -7.2, 1, 1023.7, 1.5, 225, 0
1950-11-12 05:00:00, "SAO  ", -3.9, -6.7, 1, 1023.7, 2.1, 180, 0
1950-11-12 06:00:00, "SAO  ", -3.9, -6.1, 1, 1024, 1.5, 180, 0
1950-11-12 07:00:00, "SAO  ", -3.9, -6.1, 1, 1024.4, 2.1, 23, 0
1950-11-12 08:00:00, "SAO  ", -3.9, -5, 1, 1024, 1.5, 360, 3
1950-11-12 09:00:00, "SAO  ", -4.4, -6.1, 1, 1024.4, 2.1, 338, 0
1950-11-12 10:00:00, "SAO  ", -5, -6.7, 1, 1024.4, 1.5, 338, 0
1950-11-12 11:00:00, "SAO  ", -3.9, -5.6, 1, 1024.4, 2.6, 338, 0
1950-11-12 12:00:00, "SAO  ", -4.4, -5.6, 1, 1025.1, 1.5, 248, 0
1950-11-12 13:00:00, "SAO  ", -3.9, -5.6, 1, 1025.1, 4.1, 360, 0
1950-11-12 14:00:00, "SAO  ", -3.9, -5.6, 1, 1026.4, 3.6, 338, 0
1950-11-12 15:00:00, "SAO  ", -4.4, -6.1, 1, 1027.1, 8.2, 360, 0
1950-11-12 16:00:00, "SAO  ", -4.4, -6.1, 1, 1027.1, 6.2, 360, 0
1950-11-12 17:00:00, "SAO  ", -3.9, -6.7, 1, 1027.1, 5.7, 360, 0
1950-11-12 18:00:00, "SAO  ", -3.9, -6.1, 1, 1027.1, 3.6, 360, 0
1950-11-12 19:00:00, "SAO  ", -3.3, -5.6, 1, 1026.1, 2.1, 23, 0
1950-11-12 20:00:00, "SAO  ", -2.8, -6.7, 1, 1025.7, 1.5, 23, 0
1950-11-12 21:00:00, "SAO  ", -2.8, -6.1, 1, 1025.7, 3.1, 338, 0
1950-11-12 22:00:00, "SAO  ", -2.8, -6.1, 1, 1026.1, 1, 293, 0
1950-11-12 23:00:00, "SAO  ", -3.3, -5.6, 0.875, 1026.4, 1, 315, 0
1950-11-13 00:00:00, "SAO  ", -3.9, -6.1, 0.875, 1026.4, 0, 0, 0
1950-11-13 01:00:00, "SAO  ", -4.4, -6.1, 0.875, 1026.8, 2.1, 248, 0
1950-11-13 02:00:00, "SAO  ", -4.4, -6.1, 0.875, 1026.8, 1.5, 270, 0
1950-11-13 03:00:00, "SAO  ", -5, -5.6, 0.625, 1026.8, 1.5, 180, 0
1950-11-13 04:00:00, "SAO  ", -3.3, -5, 1, 1026.4, 3.6, 180, 0
1950-11-13 05:00:00, "SAO  ", -2.8, -5, 1, 1025.7, 3.1, 180, 0
1950-11-13 06:00:00, "SAO  ", -3.3, -5, 1, 1025.1, 5.7, 180, 0
1950-11-13 07:00:00, "SAO  ", -3.9, -7.2, 0.375, 1023.7, 3.1, 180, 0
1950-11-13 08:00:00, "SAO  ", -6.1, -7.8, 0.25, 1023, 1.5, 180, 0
1950-11-13 09:00:00, "SAO  ", -6.7, -8.9, 0, 1022, 3.6, 203, 0
1950-11-13 10:00:00, "SAO  ", -6.1, -8.3, 0, 1020, 4.6, 180, 0
1950-11-13 11:00:00, "SAO  ", -3.9, -6.7, 0, 1019.3, 5.7, 180, 0
1950-11-13 12:00:00, "SAO  ", -3.3, -5.6, 0, 1018.6, 4.6, 180, 0
1950-11-13 13:00:00, "SAO  ", -3.9, -5.6, 0, 1018, 5.2, 180, 0
1950-11-13 14:00:00, "SAO  ", -3.3, -5.6, 0, 1017.6, 5.2, 158, 0
1950-11-13 15:00:00, "SAO  ", -1.7, -4.4, 0.25, 1016.9, 5.2, 180, 0
1950-11-13 16:00:00, "SAO  ", 0.6, -3.3, 0.75, 1015.2, 7.7, 180, 0
1950-11-13 17:00:00, "SAO  ", 1.7, -2.8, 0.75, 1013.9, 5.7, 158, 0
1950-11-13 18:00:00, "SAO  ", 4.4, -2.2, 0.875, 1012.5, 9.3, 158, 0
1950-11-13 19:00:00, "SAO  ", 7.2, -2.8, 0.875, 1009.8, 13.4, 180, 0
1950-11-13 20:00:00, "SAO  ", 8.3, 1.1, 0.875, 1009.1, 8.8, 203, 0
1950-11-13 21:00:00, "SAO  ", 7.8, 0.6, 0.875, 1008.5, 13.4, 203, 0
1950-11-13 22:00:00, "SAO  ", 7.8, 1.1, 0.875, 1007.5, 11.3, 203, 0
1950-11-13 23:00:00, "SAO  ", 5, -2.8, 0.875, 1007.5, 6.7, 180, 0
1950-11-14 00:00:00, "SAO  ", 3.3, -2.2, 0.75, 1006.8, 6.2, 180, 0
1950-11-14 01:00:00, "SAO  ", 1.7, -2.8, 0.75, 1007.1, 4.1, 158, 0
1950-11-14 02:00:00, "SAO  ", 1.7, -2.8, 0.75, 1006.4, 6.7, 158, 0
1950-11-14 03:00:00, "SAO  ", 1.7, -3.3, 0.25, 1006.1, 5.7, 158, 0
1950-11-14 04:00:00, "SAO  ", 1.7, -3.9, 0, 1005.1, 7.7, 180, 0
1950-11-14 05:00:00, "SAO  ", 0.6, -4.4, 0, 1003.7, 7.2, 158, 0
1950-11-14 06:00:00, "SAO  ", -0.6, -4.4, 0, 1003.4, 6.7, 135, 0
1950-11-14 07:00:00, "SAO  ", -0.6, -5.6, 0, 1002.4, 4.6, 135, 0
1950-11-14 08:00:00, "SAO  ", -2.2, -6.1, 0, 1002, 4.1, 135, 0
1950-11-14 09:00:00, "SAO  ", -2.8, -6.1, 0, 1002.4, 3.1, 68, 0
1950-11-14 10:00:00, "SAO  ", -2.8, -6.1, 0, 1002.4, 2.1, 45, 0
1950-11-14 11:00:00, "SAO  ", -3.3, -6.1, 0, 1002.7, 3.6, 90, 0
1950-11-14 12:00:00, "SAO  ", -1.7, -6.1, 0, 1002.7, 4.1, 90, 0
1950-11-14 13:00:00, "SAO  ", 1.7, -6.7, 0.375, 1002.7, 1.5, 180, 0
1950-11-14 14:00:00, "SAO  ", -0.6, -6.7, 0.625, 1003.7, 1.5, 68, 0
1950-11-14 15:00:00, "SAO  ", 2.2, -5, 0.625, 1003.4, 1.5, 225, 0
1950-11-14 16:00:00, "SAO  ", 6.1, -0.6, 0.625, 1003.1, 1, 90, 0
1950-11-14 17:00:00, "SAO  ", 12.2, -2.2, 0.25, 1002, 1.5, 113, 0
1950-11-14 18:00:00, "SAO  ", 13.9, -1.7, 0.625, 1001, 4.1, 203, 0
1950-11-14 19:00:00, "SAO  ", 15, -3.3, 0.625, 1000.3, 8.2, 248, 0
1950-11-14 20:00:00, "SAO  ", 15, -3.3, 0.875, 1000.7, 6.7, 248, 0
1950-11-14 21:00:00, "SAO  ", 12.8, -2.2, 1, 1001, 8.8, 248, 0
1950-11-14 22:00:00, "SAO  ", 11.1, -1.1, 1, 1001.7, 7.7, 248, 0
1950-11-14 23:00:00, "SAO  ", 9.4, -2.2, 1, 1002.4, 0, 0, 0
1950-11-15 00:00:00, "SAO  ", 8.9, -2.8, 1, 1002.7, 0, 0, 0
1950-11-15 01:00:00, "SAO  ", 6.7, -2.8, 1, 1003.4, 1.5, 180, 0
1950-11-15 02:00:00, "SAO  ", 6.1, -1.7, 0.875, 1003.7, 5.2, 180, 0
1950-11-15 03:00:00, "SAO  ", 7.8, 1.7, 1, 1004.7, 6.7, 225, 0
1950-11-15 04:00:00, "SAO  ", 5, 1.7, 0.625, 1004.1, 4.1, 180, 0
1950-11-15 05:00:00, "SAO  ", 3.3, 1.7, 0.25, 1001.7, 1, 180, 0
1950-11-15 06:00:00, "SAO  ", 3.3, 1.7, 0.25, 1001.4, 1.5, 203, 0
1950-11-15 07:00:00, "SAO  ", 3.3, 0.6, 0.125, 1000.7, 2.6, 203, 0
1950-11-15 08:00:00, "SAO  ", 2.8, 0.6, 0, 1000.7, 1.5, 158, 0
1950-11-15 09:00:00, "SAO  ", 2.8, 0.6, 0, 1000.7, 5.2, 180, 0
1950-11-15 10:00:00, "SAO  ", 2.2, 0.6, 0, 1000.7, 4.1, 135, 0
1950-11-15 11:00:00, "SAO  ", 0.6, -1.1, 0.25, 1001.7, 2.6, 45, 0
1950-11-15 12:00:00, "SAO  ", 1.7, -1.1, 0.625, 1002.4, 3.6, 338, 0
1950-11-15 13:00:00, "SAO  ", 4.4, -1.1, 0.75, 1004.7, 7.2, 315, 0
1950-11-15 14:00:00, "SAO  ", 3.9, -1.7, 0.75, 1007.1, 12.4, 315, 0
1950-11-15 15:00:00, "SAO  ", 3.9, -1.7, 0.75, 1009.1, 11.3, 315, 0
1950-11-15 16:00:00, "SAO  ", 5.6, -2.2, 1, 1010.5, 15.5, 315, 0
1950-11-15 17:00:00, "SAO  ", 5.6, -2.2, 1, 1011.9, 17, 315, 0
1950-11-15 18:00:00, "SAO  ", 5, -1.7, 0.875, 1012.5, 18, 315, 0
1950-11-15 19:00:00, "SAO  ", 5, -1.7, 0.75, 1015.2, 17, 315, 0
1950-11-15 20:00:00, "SAO  ", 4.4, -1.7, 0.375, 1016.9, 15.5, 315, 0
1950-11-15 21:00:00, "SAO  ", 4.4, -1.7, 0.25, 1018, 17, 315, 0
1950-11-15 22:00:00, "SAO  ", 2.8, -1.7, 0, 1020.3, 14.4, 315, 0
1950-11-15 23:00:00, "SAO  ", 1.1, -4.4, 0, 1022, 11.3, 338, 0
1950-11-16 00:00:00, "SAO  ", -0.6, -5.6, 0, 1023.7, 8.2, 315, 0
1950-11-16 01:00:00, "SAO  ", -1.7, -5.6, 0, 1025.4, 6.7, 315, 0
1950-11-16 02:00:00, "SAO  ", -2.8, -6.7, 0, 1026.1, 5.2, 315, 0
1950-11-16 03:00:00, "SAO  ", -2.8, -6.1, 0, 1026.4, 4.1, 338, 0
1950-11-16 04:00:00, "SAO  ", -5, -8.3, 0, 1028.1, 2.1, 315, 0
1950-11-16 05:00:00, "SAO  ", -4.4, -10.6, 0, 1028.4, 2.1, 315, 0
1950-11-16 06:00:00, "SAO  ", -6.1, -10.6, 0, 1028.8, 1.5, 225, 0
1950-11-16 07:00:00, "SAO  ", -7.2, -11.7, 0, 1029.1, 1, 225, 0
1950-11-16 08:00:00, "SAO  ", -6.1, -13.9, 0, 1029.5, 1, 225, 0
1950-11-16 09:00:00, "SAO  ", -7.8, -13.3, 0, 1029.1, 2.1, 135, 0
1950-11-16 10:00:00, "SAO  ", -7.8, -12.2, 0, 1029.5, 2.1, 135, 0
1950-11-16 11:00:00, "SAO  ", -8.3, -12.8, 0, 1029.1, 1.5, 135, 0
1950-11-16 12:00:00, "SAO  ", -8.9, -12.8, 0, 1029.1, 1.5, 113, 0
1950-11-16 13:00:00, "SAO  ", -10, -12.8, 0, 1028.4, 1.5, 113, 0
1950-11-16 14:00:00, "SAO  ", -8.3, -12.8, 0, 1028.4, 1.5, 90, 0
1950-11-16 15:00:00, "SAO  ", -1.7, -6.7, 0, 1026.8, 6.2, 180, 0
1950-11-16 16:00:00, "SAO  ", 5.6, -7.8, 0.75, 1025.7, 8.8, 180, 0
1950-11-16 17:00:00, "SAO  ", 5, -7.2, 1, 1024.7, 8.2, 158, 0
1950-11-16 18:00:00, "SAO  ", 7.8, -6.1, 1, 1022.7, 9.8, 180, 0
1950-11-16 19:00:00, "SAO  ", 8.3, -6.1, 1, 1021.7, 10.8, 203, 0
1950-11-16 20:00:00, "SAO  ", 11.7, -7.2, 0.875, 1019.3, 9.8, 180, 0
1950-11-16 21:00:00, "SAO  ", 11.7, -5.6, 0.875, 1018.6, 12.9, 180, 0
1950-11-16 22:00:00, "SAO  ", 10, -6.1, 1, 1018, 7.2, 180, 0
1950-11-16 23:00:00, "SAO  ", 8.9, -6.7, 1, 1018, 11.3, 180, 0
1950-11-17 00:00:00, "SAO  ", 7.8, -8.9, 1, 1016.3, 11.3, 180, 0
1950-11-17 01:00:00, "SAO  ", 6.7, -6.1, 1, 1015.2, 11.8, 180, 0
1950-11-17 02:00:00, "SAO  ", 6.1, -10, 1, 1013.9, 10.3, 180, 0
1950-11-17 03:00:00, "SAO  ", 5.6, -10, 1, 1011.9, 11.8, 180, 0
1950-11-17 04:00:00, "SAO  ", 5.6, -7.8, 1, 1009.8, 10.8, 180, 0
1950-11-17 05:00:00, "SAO  ", 10.6, -7.8, 1, 1008.8, 13.4, 225, 0
1950-11-17 06:00:00, "SAO  ", 10.6, -7.2, 1, 1008.1, 11.3, 248, 0
1950-11-17 07:00:00, "SAO  ", 10, -6.7, 1, 1007.5, 11.3, 270, 0
1950-11-17 08:00:00, "SAO  ", 10, -3.3, 1, 1007.5, 11.8, 270, 0
1950-11-17 09:00:00, "SAO  ", 10, -3.3, 1, 1008.1, 14.4, 270, 0
1950-11-17 10:00:00, "SAO  ", 10, -3.3, 1, 1009.1, 12.4, 270, 0
1950-11-17 11:00:00, "SAO  ", 7.8, -4.4, 0.75, 1012.2, 11.3, 315, 0
1950-11-17 12:00:00, "SAO  ", 4.4, -4.4, 0.625, 1014.2, 8.8, 315, 0
1950-11-17 13:00:00, "SAO  ", 4.4, -3.3, 0.5, 1014.9, 7.7, 315, 0
1950-11-17 14:00:00, "SAO  ", 3.9, -2.2, 0.5, 1015.9, 4.6, 270, 0
1950-11-17 15:00:00, "SAO  ", 6.1, -4.4, 0.75, 1016.3, 5.2, 270, 0
1950-11-17 16:00:00, "SAO  ", 6.7, -3.9, 0.75, 1016.3, 2.1, 270, 0
1950-11-17 17:00:00, "SAO  ", 10.6, -8.3, 0.25, 1014.6, 1.5, 270, 0
1950-11-17 18:00:00, "SAO  ", 12.2, -6.1, 0.25, 1013.2, 2.6, 158, 0
1950-11-17 19:00:00, "SAO  ", 13.3, -3.9, 0.25, 1011.2, 6.7, 113, 0
1950-11-17 20:00:00, "SAO  ", 12.8, -3.3, 0.75, 1009.8, 9.3, 180, 0
1950-11-17 21:00:00, "SAO  ", 11.7, -0.6, 1, 1009.5, 8.2, 203, 0
1950-11-17 22:00:00, "SAO  ", 11.7, -1.7, 0.75, 1008.8, 6.7, 203, 0
1950-11-17 23:00:00, "SAO  ", 8.3, -3.3, 0.625, 1009.5, 5.2, 203, 0
1950-11-18 00:00:00, "SAO  ", 7.2, -2.8, 0.375, 1009.8, 6.2, 203, 0
1950-11-18 01:00:00, "SAO  ", 5.6, -1.1, 0.125, 1009.5, 4.1, 180, 0
1950-11-18 02:00:00, "SAO  ", 3.9, -2.2, 0, 1008.8, 2.6, 180, 0
1950-11-18 03:00:00, "SAO  ", 2.8, -2.8, 0.375, 1007.8, 4.1, 158, 0
1950-11-18 04:00:00, "SAO  ", 5.6, -2.8, 0.625, 1006.1, 1, 225, 0
1950-11-18 05:00:00, "SAO  ", 3.3, -3.9, 0.5, 1004.7, 3.1, 203, 0
1950-11-18 06:00:00, "SAO  ", 7.8, -4.4, 0.375, 1001.7, 7.7, 225, 0
1950-11-18 07:00:00, "SAO  ", 5.6, -3.9, 0.25, 1001.4, 6.7, 203, 0
1950-11-18 08:00:00, "SAO  ", 5, -3.9, 0.25, 1000.3, 5.2, 248, 0
1950-11-18 09:00:00, "SAO  ", 5, -3.9, 0.625, 1000, 4.6, 225, 0
1950-11-18 10:00:00, "SAO  ", 4.4, -3.9, 0.625, 1000.3, 4.6, 180, 0
1950-11-18 11:00:00, "SAO  ", 7.8, -4.4, 0.625, 999.3, 4.1, 180, 0
1950-11-18 12:00:00, "SAO  ", 9.4, -3.9, 0.625, 998.3, 6.2, 248, 0
1950-11-18 13:00:00, "SAO  ", 3.3, -3.9, 0.75, 1000.7, 8.2, 360, 0
1950-11-18 14:00:00, "SAO  ", 1.7, -3.9, 0.875, 1000, 6.7, 360, 0
1950-11-18 15:00:00, "SAO  ", 2.2, -2.8, 0.625, 999.7, 0, 0, 0
1950-11-18 16:00:00, "SAO  ", 4.4, -2.2, 0.875, 997.3, 3.6, 180, 0
1950-11-18 17:00:00, "SAO  ", 6.1, -2.8, 1, 997, 2.6, 90, 0
1950-11-18 18:00:00, "SAO  ", 7.2, -1.7, 1, 995.6, 7.7, 45, 0
1950-11-18 19:00:00, "SAO  ", 4.4, -2.8, 1, 994.9, 6.7, 360, 0
1950-11-18 20:00:00, "SAO  ", 2.2, -3.9, 1, 994.9, 8.2, 23, 0
1950-11-18 21:00:00, "SAO  ", 1.1, -5.6, 0.25, 997, 10.3, 360, 0
1950-11-18 22:00:00, "SAO  ", -1.1, -7.8, 0.25, 998.3, 10.3, 360, 0
1950-11-18 23:00:00, "SAO  ", -2.2, -7.8, 0.75, 999.7, 8.2, 360, 0
1950-11-19 00:00:00, "SAO  ", -2.2, -7.2, 0.75, 1000.7, 6.2, 360, 0
1950-11-19 01:00:00, "SAO  ", -2.2, -6.7, 1, 1002.7, 6.2, 360, 0
1950-11-19 02:00:00, "SAO  ", -2.8, -5.6, 1, 1003.4, 6.7, 360, 0
1950-11-19 03:00:00, "SAO  ", -7.2, -10, 1, 1005.4, 11.8, 360, 0
1950-11-19 04:00:00, "SAO  ", -7.2, -12.2, 1, 1005.4, 10.3, 23, 0
1950-11-19 05:00:00, "SAO  ", -7.8, -11.1, 1, 1005.8, 9.3, 23, 0
1950-11-19 06:00:00, "SAO  ", -8.3, -11.1, 1, 1006.4, 9.3, 338, 0
1950-11-19 07:00:00, "SAO  ", -8.9, -11.1, 1, 1006.8, 7.2, 360, 0
1950-11-19 08:00:00, "SAO  ", -9.4, -12.2, 0.875, 1007.5, 5.2, 360, 0
1950-11-19 09:00:00, "SAO  ", -8.9, -11.7, 1, 1008.1, 4.6, 23, 0
1950-11-19 10:00:00, "SAO  ", -9.4, -12.2, 1, 1008.1, 3.6, 45, 0
1950-11-19 11:00:00, "SAO  ", -10, -13.3, 1, 1008.8, 3.1, 45, 0
1950-11-19 12:00:00, "SAO  ", -10, -13.3, 1, 1008.8, 3.6, 45, 0
1950-11-19 13:00:00, "SAO  ", -9.4, -12.8, 1, 1009.5, 3.1, 45, 0
1950-11-19 14:00:00, "SAO  ", -9.4, -13.3, 1, 1011.9, 2.6, 45, 0
1950-11-19 15:00:00, "SAO  ", -8.9, -13.9, 1, 1012.9, 2.1, 45, 0
1950-11-19 16:00:00, "SAO  ", -8.3, -12.8, 1, 1013.2, 1.5, 45, 0
1950-11-19 17:00:00, "SAO  ", -7.2, -12.2, 1, 1013.9, 1, 180, 0
1950-11-19 18:00:00, "SAO  ", -6.7, -11.7, 1, 1014.6, 1.5, 180, 0
1950-11-19 19:00:00, "SAO  ", -6.1, -10.6, 1, 1013.9, 1.5, 180, 0
1950-11-19 20:00:00, "SAO  ", -5.6, -10, 1, 1014.9, 2.6, 158, 0
1950-11-19 21:00:00, "SAO  ", -5.6, -10, 1, 1016.3, 1, 135, 0
1950-11-19 22:00:00, "SAO  ", -5.6, -8.9, 1, 1016.6, 1.5, 135, 0
1950-11-19 23:00:00, "SAO  ", -5.6, -8.9, 1, 1018, 1.5, 180, 0
1950-11-20 00:00:00, "SAO  ", -6.1, -8.3, 1, 1019, 1, 135, 3
1950-11-20 01:00:00, "SAO  ", -5.6, -7.8, 1, 1020, 1, 180, 0
1950-11-20 02:00:00, "SAO  ", -6.1, -8.3, 1, 1021.7, 1, 180, 0
1950-11-20 03:00:00, "SAO  ", -6.7, -8.3, 0.25, 1022.7, 0.5, 180, 0
1950-11-20 04:00:00, "SAO  ", -6.7, -8.9, 0, 1023.7, 1.5, 158, 0
1950-11-20 05:00:00, "SAO  ", -7.8, -10.6, 0, 1024.4, 1, 158, 0
1950-11-20 06:00:00, "SAO  ", -9.4, -11.1, 0, 1024.4, 1, 180, 0
1950-11-20 07:00:00, "SAO  ", -9.4, -11.7, 0, 1024, 1, 293, 0
1950-11-20 08:00:00, "SAO  ", -10, -12.2, 0, 1024, 1.5, 270, 0
1950-11-20 09:00:00, "SAO  ", -9.4, -12.8, 0, 1024.4, 0.5, 270, 0
1950-11-20 10:00:00, "SAO  ", -10, -12.8, 0, 1024.7, 1, 203, 0
1950-11-20 11:00:00, "SAO  ", -11.1, -13.9, 0, 1024.7, 1, 45, 0
1950-11-20 12:00:00, "SAO  ", -10, -12.8, 0, 1024.4, 1, 180, 0
1950-11-20 13:00:00, "SAO  ", -10.6, -13.9, 0.25, 1023.7, 2.6, 135, 0
1950-11-20 14:00:00, "SAO  ", -9.4, -12.8, 0.25, 1022.7, 2.1, 113, 0
1950-11-20 15:00:00, "SAO  ", -6.7, -11.1, 0.875, 1021.3, 2.1, 135, 0
1950-11-20 16:00:00, "SAO  ", -1.7, -6.7, 1, 1019, 5.2, 158, 0
1950-11-20 17:00:00, "SAO  ", 0.6, -5.6, 1, 1018, 5.2, 158, 0
1950-11-20 18:00:00, "SAO  ", 3.3, -3.9, 1, 1016.6, 4.6, 158, 0
1950-11-20 19:00:00, "SAO  ", 5.6, -1.1, 1, 1014.6, 4.6, 158, 0
1950-11-20 20:00:00, "SAO  ", 8.3, -1.7, 0.625, 1013.5, 3.6, 158, 0
1950-11-20 21:00:00, "SAO  ", 7.2, -1.7, 0.75, 1013.2, 1.5, 90, 0
1950-11-20 22:00:00, "SAO  ", 7.2, -1.7, 1, 1012.9, 1, 23, 0
1950-11-20 23:00:00, "SAO  ", 12.8, -2.2, 1, 1011.9, 8.2, 248, 0
1950-11-21 00:00:00, "SAO  ", 12.2, -1.7, 1, 1012.5, 6.7, 270, 0
1950-11-21 01:00:00, "SAO  ", 11.7, 5, 1, 1014.6, 13.4, 338, 0
1950-11-21 02:00:00, "SAO  ", 7.8, 0, 1, 1016.6, 11.3, 338, 0
1950-11-21 03:00:00, "SAO  ", 7.8, -2.2, 1, 1016.9, 13.4, 338, 0
1950-11-21 04:00:00, "SAO  ", 6.7, -1.1, 1, 1017.3, 6.7, 315, 0
1950-11-21 05:00:00, "SAO  ", 6.7, -1.7, 1, 1016.9, 7.2, 315, 0
1950-11-21 06:00:00, "SAO  ", 7.2, -1.7, 1, 1016.9, 5.7, 315, 0
1950-11-21 07:00:00, "SAO  ", 7.2, -2.2, 1, 1017.6, 5.2, 338, 0
1950-11-21 08:00:00, "SAO  ", 5.6, -1.1, 1, 1018.6, 3.1, 315, 0
1950-11-21 09:00:00, "SAO  ", 4.4, -3.3, 0.75, 1019.6, 1.5, 315, 0
1950-11-21 10:00:00, "SAO  ", 4.4, -2.8, 0.75, 1020.3, 1.5, 315, 0
1950-11-21 11:00:00, "SAO  ", 2.8, -2.8, 0.375, 1020, 1, 270, 0
1950-11-21 12:00:00, "SAO  ", 2.8, -3.9, 0.25, 1019.6, 1, 293, 0
1950-11-21 13:00:00, "SAO  ", 0.6, -5, 0.25, 1020.3, 2.6, 270, 0
1950-11-21 14:00:00, "SAO  ", 2.8, -3.9, 0.25, 1020.3, 1, 203, 0
1950-11-21 15:00:00, "SAO  ", 3.3, -2.8, 0.375, 1020, 1, 23, 0
1950-11-21 16:00:00, "SAO  ", 7.8, -5, 0.125, 1019, 1, 270, 0
1950-11-21 17:00:00, "SAO  ", 11.1, -4.4, 0, 1018, 1.5, 158, 0
1950-11-21 18:00:00, "SAO  ", 12.8, -2.8, 0, 1015.9, 3.1, 180, 0
1950-11-21 19:00:00, "SAO  ", 13.9, -3.9, 0, 1013.2, 5.7, 180, 0
1950-11-21 20:00:00, "SAO  ", 13.9, -3.9, 0.25, 1011.5, 10.8, 180, 0
1950-11-21 21:00:00, "SAO  ", 14.4, -6.1, 0.25, 1010.2, 8.8, 180, 0
1950-11-21 22:00:00, "SAO  ", 14.4, -3.3, 0.375, 1008.1, 5.7, 270, 0
1950-11-21 23:00:00, "SAO  ", 12.2, 0.6, 1, 1009.1, 13.4, 270, 0
1950-11-22 00:00:00, "SAO  ", 6.1, 0, 1, 1012.5, 6.7, 338, 0
1950-11-22 01:00:00, "SAO  ", 7.8, 1.1, 1, 1014.6, 15.5, 315, 0
1950-11-22 02:00:00, "SAO  ", 5.6, -1.1, 1, 1014.9, 14.9, 315, 0
1950-11-22 03:00:00, "SAO  ", 3.9, -1.7, 0.375, 1014.2, 8.2, 293, 0
1950-11-22 04:00:00, "SAO  ", 3.9, -2.8, 0, 1014.6, 7.2, 270, 0
1950-11-22 05:00:00, "SAO  ", 1.7, -6.1, 0, 1014.6, 5.2, 293, 0
1950-11-22 06:00:00, "SAO  ", 1.7, -6.1, 0, 1014.9, 5.7, 270, 0
1950-11-22 07:00:00, "SAO  ", 0.6, -6.7, 0, 1014.6, 3.6, 270, 0
1950-11-22 08:00:00, "SAO  ", -0.6, -7.8, 0, 1014.6, 4.1, 293, 0
1950-11-22 09:00:00, "SAO  ", -1.1, -7.2, 0.25, 1014.6, 4.1, 270, 0
1950-11-22 10:00:00, "SAO  ", 0, -7.2, 0.5, 1013.5, 3.1, 270, 0
1950-11-22 11:00:00, "SAO  ", 1.1, -7.2, 1, 1013.5, 4.1, 270, 0
1950-11-22 12:00:00, "SAO  ", 2.2, -7.2, 0.875, 1013.5, 4.6, 293, 0
1950-11-22 13:00:00, "SAO  ", 2.2, -4.4, 1, 1012.9, 2.1, 225, 0
1950-11-22 14:00:00, "SAO  ", 2.2, -6.1, 1, 1012.9, 2.1, 270, 0
1950-11-22 15:00:00, "SAO  ", 3.3, -6.1, 1, 1012.9, 1.5, 225, 0
1950-11-22 16:00:00, "SAO  ", 6.1, -5.6, 1, 1012.2, 1.5, 270, 0
1950-11-22 17:00:00, "SAO  ", 8.9, -3.3, 0.625, 1010.5, 8.8, 248, 0
1950-11-22 18:00:00, "SAO  ", 10.6, -3.3, 0.75, 1009.1, 11.3, 270, 0
1950-11-22 19:00:00, "SAO  ", 12.8, -5.6, 0.75, 1007.8, 10.8, 293, 0
1950-11-22 20:00:00, "SAO  ", 8.9, -1.1, 1, 1009.1, 10.8, 270, 0
1950-11-22 21:00:00, "SAO  ", -4.4, -7.8, 0.75, 1014.2, 22.1, 360, 0
1950-11-22 22:00:00, "SAO  ", -9.4, -12.8, 0.75, 1015.9, 20.1, 360, 0
1950-11-22 23:00:00, "SAO  ", -12.2, -17.2, 1, 1022, 21.6, 338, 0
1950-11-23 00:00:00, "SAO  ", -13.3, -17.8, 0.5, 1023.4, 20.1, 338, 0
1950-11-23 01:00:00, "SAO  ", -14.4, -19.4, 0.75, 1024.4, 19.6, 338, 0
1950-11-23 02:00:00, "SAO  ", -14.4, -20.6, 0.625, 1027.1, 13.4, 338, 0
1950-11-23 03:00:00, "SAO  ", -15.6, -21.7, 0.75, 1027.8, 13.4, 338, 0
1950-11-23 04:00:00, "SAO  ", -15.6, -21.7, 0.875, 1028.1, 15.5, 360, 0
1950-11-23 05:00:00, "SAO  ", -15.6, -22.8, 0.75, 1027.8, 11.8, 338, 0
1950-11-23 06:00:00, "SAO  ", -15, -23.3, 0.625, 1028.8, 11.3, 338, 0
1950-11-23 07:00:00, "SAO  ", -16.1, -22.8, 0.625, 1029.1, 14.4, 338, 0
1950-11-23 08:00:00, "SAO  ", -16.7, -23.9, 0.375, 1030.1, 10.8, 338, 0
1950-11-23 09:00:00, "SAO  ", -16.7, -24.4, 0.25, 1032.5, 8.8, 338, 0
1950-11-23 10:00:00, "SAO  ", -17.2, -22.8, 0.25, 1033.5, 9.8, 338, 0
1950-11-23 11:00:00, "SAO  ", -17.8, -24.4, 0.25, 1034.9, 8.8, 338, 0
1950-11-23 12:00:00, "SAO  ", -18.3, -25, 0.25, 1034.5, 3.6, 338, 0
1950-11-23 13:00:00, "SAO  ", -16.7, -27.2, 0, 1035.9, 6.2, 338, 0
1950-11-23 14:00:00, "SAO  ", -16.7, -28.3, 0, 1035.9, 8.2, 338, 0
1950-11-23 15:00:00, "SAO  ", -15, -24.4, 0, 1036.9, 7.7, 315, 0
1950-11-23 16:00:00, "SAO  ", -12.2, -26.7, 0, 1036.6, 9.8, 338, 0
1950-11-23 17:00:00, "SAO  ", -11.7, -23.9, 0, 1036.2, 11.8, 338, 0
1950-11-23 18:00:00, "SAO  ", -11.1, -23.9, 0, 1036.2, 13.4, 338, 0
1950-11-23 19:00:00, "SAO  ", -11.7, -23.3, 0, 1035.9, 14.4, 338, 0
1950-11-23 20:00:00, "SAO  ", -11.7, -23.3, 0, 1035.9, 15.5, 338, 0
1950-11-23 21:00:00, "SAO  ", -11.7, -22.8, 0, 1036.6, 13.4, 338, 0
1950-11-23 22:00:00, "SAO  ", -12.2, -22.8, 0, 1037.3, 12.9, 338, 0
1950-11-23 23:00:00, "SAO  ", -13.3, -24.4, 0, 1038.3, 8.8, 360, 0
1950-11-24 00:00:00, "SAO  ", -13.9, -23.9, 0, 1038.6, 9.3, 360, 0
1950-11-24 01:00:00, "SAO  ", -15, -23.3, 0, 1038.6, 7.2, 360, 0
1950-11-24 02:00:00, "SAO  ", -16.1, -22.2, 0, 1039.3, 4.6, 315, 0
1950-11-24 03:00:00, "SAO  ", -16.1, -23.3, 0, 1039.6, 3.6, 293, 0
1950-11-24 04:00:00, "SAO  ", -17.2, -22.8, 0, 1040.3, 1.5, 338, 0
1950-11-24 05:00:00, "SAO  ", -18.3, -22.2, 0, 1040.3, 1.5, 45, 0
1950-11-24 06:00:00, "SAO  ", -18.3, -22.2, 0, 1040, 1.5, 225, 0
1950-11-24 07:00:00, "SAO  ", -18.9, -23.9, 0, 1039.3, 1.5, 45, 0
1950-11-24 08:00:00, "SAO  ", -18.3, -23.9, 0, 1038.9, 1, 90, 0
1950-11-24 09:00:00, "SAO  ", -18.3, -23.9, 0, 1038.3, 2.6, 135, 0
1950-11-24 10:00:00, "SAO  ", -18.3, -25, 0.125, 1037.9, 2.1, 135, 0
1950-11-24 11:00:00, "SAO  ", -17.8, -23.9, 0, 1035.9, 1, 135, 0
1950-11-24 12:00:00, "SAO  ", -16.7, -23.3, 0, 1035.9, 1.5, 135, 0
1950-11-24 13:00:00, "SAO  ", -17.8, -23.3, 0.125, 1035.2, 4.6, 135, 0
1950-11-24 14:00:00, "SAO  ", -16.7, -23.9, 0.25, 1034.5, 4.6, 135, 0
1950-11-24 15:00:00, "SAO  ", -15, -20.6, 1, 1033.9, 5.2, 135, 0
1950-11-24 16:00:00, "SAO  ", -11.1, -19.4, 1, 1032.5, 7.2, 135, 0
1950-11-24 17:00:00, "SAO  ", -5.6, -19.4, 1, 1029.8, 7.7, 135, 0
1950-11-24 18:00:00, "SAO  ", -2.2, -18.3, 1, 1028.4, 7.7, 135, 0
1950-11-24 19:00:00, "SAO  ", 0, -16.7, 1, 1025.7, 8.2, 135, 0
1950-11-24 20:00:00, "SAO  ", 1.7, -10.6, 1, 1024.4, 8.2, 158, 0
1950-11-24 21:00:00, "SAO  ", 1.7, -10.6, 1, 1023.7, 8.8, 158, 0
1950-11-24 22:00:00, "SAO  ", 1.1, -7.8, 1, 1023.7, 4.6, 158, 0
1950-11-24 23:00:00, "SAO  ", -1.1, -4.4, 0.75, 1023.4, 2.6, 135, 0
1950-11-25 00:00:00, "SAO  ", -2.2, -11.1, 0.625, 1022.7, 2.6, 135, 0
1950-11-25 01:00:00, "SAO  ", -3.3, -10.6, 0.75, 1022.7, 1.5, 113, 0
1950-11-25 02:00:00, "SAO  ", -3.3, -8.3, 0.625, 1022.4, 1, 338, 0
1950-11-25 03:00:00, "SAO  ", -2.8, -8.3, 0.75, 1021.7, 1.5, 315, 0
1950-11-25 04:00:00, "SAO  ", -1.1, -8.3, 1, 1021.3, 3.6, 270, 0
1950-11-25 05:00:00, "SAO  ", 3.9, -6.7, 1, 1021, 1.5, 315, 0
1950-11-25 06:00:00, "SAO  ", 6.7, -2.2, 0.5, 1020.7, 7.2, 338, 0
1950-11-25 07:00:00, "SAO  ", 6.7, -1.7, 0, 1021, 8.2, 315, 0
1950-11-25 08:00:00, "SAO  ", 7.2, -2.2, 0, 1020.7, 9.3, 315, 0
1950-11-25 09:00:00, "SAO  ", 6.7, -2.2, 0.25, 1021.3, 6.7, 315, 0
1950-11-25 10:00:00, "SAO  ", 5, -0.6, 0.25, 1022, 5.2, 315, 0
1950-11-25 11:00:00, "SAO  ", 5.6, 0.6, 1, 1023.7, 7.2, 360, 0
1950-11-25 12:00:00, "SAO  ", 4.4, 0.6, 1, 1024.4, 8.2, 360, 0
1950-11-25 13:00:00, "SAO  ", 4.4, -0.6, 1, 1025.1, 7.7, 360, 0
1950-11-25 14:00:00, "SAO  ", 3.3, -0.6, 1, 1026.1, 5.7, 360, 0
1950-11-25 15:00:00, "SAO  ", 2.8, -1.1, 1, 1027.1, 5.2, 360, 0
1950-11-25 16:00:00, "SAO  ", 2.2, -1.7, 1, 1027.8, 5.7, 360, 0
1950-11-25 17:00:00, "SAO  ", 2.2, -1.7, 1, 1027.8, 1.5, 338, 0
1950-11-25 18:00:00, "SAO  ", 2.2, -2.2, 1, 1026.8, 2.1, 360, 0
1950-11-25 19:00:00, "SAO  ", 3.3, -1.7, 1, 1026.4, 1.5, 293, 0
1950-11-25 20:00:00, "SAO  ", 3.9, -2.2, 1, 1026.4, 1.5, 45, 0
1950-11-25 21:00:00, "SAO  ", 3.3, -2.2, 1, 1026.1, 1.5, 68, 0
1950-11-25 22:00:00, "SAO  ", 3.3, -2.2, 1, 1026.4, 2.1, 90, 0
1950-11-25 23:00:00, "SAO  ", 2.2, -2.2, 1, 1026.8, 2.6, 113, 0
1950-11-26 00:00:00, "SAO  ", 0, -3.3, 1, 1027.1, 3.1, 90, 0
1950-11-26 01:00:00, "SAO  ", -1.7, -5, 0.75, 1027.8, 3.6, 113, 0
1950-11-26 02:00:00, "SAO  ", -1.7, -4.4, 0.875, 1027.8, 2.1, 135, 0
1950-11-26 03:00:00, "SAO  ", -2.8, -5, 1, 1028.1, 3.1, 135, 0
1950-11-26 04:00:00, "SAO  ", -3.3, -5.6, 0.875, 1027.8, 2.6, 180, 0
1950-11-26 05:00:00, "SAO  ", -2.8, -5, 1, 1027.4, 3.1, 158, 0
1950-11-26 06:00:00, "SAO  ", -3.3, -5.6, 1, 1026.4, 3.1, 135, 0
1950-11-26 07:00:00, "SAO  ", -2.8, -5, 1, 1025.7, 4.1, 135, 0
1950-11-26 08:00:00, "SAO  ", -3.9, -5.6, 1, 1025.7, 3.6, 135, 0
1950-11-26 09:00:00, "SAO  ", -4.4, -6.1, 0.75, 1025.7, 2.1, 113, 0
1950-11-26 10:00:00, "SAO  ", -4.4, -6.7, 1, 1025.1, 2.6, 113, 0
1950-11-26 11:00:00, "SAO  ", -5, -6.1, 1, 1024.7, 1.5, 90, 0
1950-11-26 12:00:00, "SAO  ", -4.4, -6.1, 1, 1024.7, 1.5, 90, 0
1950-11-26 13:00:00, "SAO  ", -5, -6.1, 0.25, 1025.1, 1, 45, 0
1950-11-26 14:00:00, "SAO  ", -2.8, -5, 0.125, 1025.1, 2.1, 315, 0
1950-11-26 15:00:00, "SAO  ", -1.1, -3.9, 0.125, 1025.1, 1, 270, 0
1950-11-26 16:00:00, "SAO  ", 3.9, -6.1, 0.75, 1024, 1, 113, 0
1950-11-26 17:00:00, "SAO  ", 7.2, 0.6, 0.625, 1023.4, 2.1, 113, 0
1950-11-26 18:00:00, "SAO  ", 8.9, 0, 0.625, 1022.4, 2.1, 90, 0
1950-11-26 19:00:00, "SAO  ", 10, 0, 1, 1022, 1.5, 68, 0
1950-11-26 20:00:00, "SAO  ", 11.7, 0.6, 1, 1021, 1.5, 180, 0
1950-11-26 21:00:00, "SAO  ", 12.2, 0, 0.875, 1020.7, 2.1, 158, 0
1950-11-26 22:00:00, "SAO  ", 11.1, 0, 0.75, 1021, 2.6, 135, 0
1950-11-26 23:00:00, "SAO  ", 4.4, -2.2, 0.75, 1022, 1.5, 68, 0
1950-11-27 00:00:00, "SAO  ", 2.2, -2.2, 0.5, 1022.4, 1.5, 45, 0
1950-11-27 01:00:00, "SAO  ", 1.7, -2.2, 0, 1022.4, 1.5, 293, 0
1950-11-27 02:00:00, "SAO  ", 3.9, -1.7, 0, 1022.4, 2.6, 293, 0
1950-11-27 03:00:00, "SAO  ", 1.7, -3.3, 0, 1022, 1.5, 315, 0
1950-11-27 04:00:00, "SAO  ", 2.2, -1.7, 0, 1021, 1.5, 293, 0
1950-11-27 05:00:00, "SAO  ", -1.1, -3.9, 0, 1021, 2.6, 90, 0
1950-11-27 06:00:00, "SAO  ", -1.1, -3.9, 0, 1020, 2.6, 90, 0
1950-11-27 07:00:00, "SAO  ", -2.2, -4.4, 0, 1020, 2.1, 113, 0
1950-11-27 08:00:00, "SAO  ", -2.8, -5, 0, 1019.3, 1, 90, 0
1950-11-27 09:00:00, "SAO  ", -3.9, -5, 0.25, 1019.3, 2.1, 90, 0
1950-11-27 10:00:00, "SAO  ", -3.9, -5, 0.25, 1019.6, 0.5, 270, 0
1950-11-27 11:00:00, "SAO  ", -2.8, -3.9, 0.25, 1020.3, 1, 293, 0
1950-11-27 12:00:00, "SAO  ", -3.3, -5, 0.25, 1020.7, 0.5, 90, 0
1950-11-27 13:00:00, "SAO  ", -3.9, -5.6, 0.625, 1021, 1.5, 23, 0
1950-11-27 14:00:00, "SAO  ", -2.8, -5, 0.625, 1020.3, 1, 90, 0
1950-11-27 15:00:00, "SAO  ", -1.1, -3.3, 0.625, 1021.3, 0, 0, 0
1950-11-27 16:00:00, "SAO  ", 1.7, -2.2, 0.75, 1021, 2.6, 90, 0
1950-11-27 17:00:00, "SAO  ", 3.3, -1.7, 1, 1021.3, 2.6, 135, 0
1950-11-27 18:00:00, "SAO  ", 5, -3.3, 0.875, 1020.7, 3.1, 135, 0
1950-11-27 19:00:00, "SAO  ", 7.2, -1.7, 0.875, 1019.6, 4.1, 113, 0
1950-11-27 20:00:00, "SAO  ", 7.8, -1.7, 0.875, 1019, 4.1, 113, 0
1950-11-27 21:00:00, "SAO  ", 6.7, -2.2, 0.875, 1019.3, 3.6, 113, 0
1950-11-27 22:00:00, "SAO  ", 5.6, -2.2, 0.75, 1020.3, 4.6, 113, 0
1950-11-27 23:00:00, "SAO  ", 1.7, -3.9, 0.75, 1020.7, 3.6, 113, 0
1950-11-28 00:00:00, "SAO  ", -1.1, -4.4, 0.5, 1021.7, 1, 90, 0
1950-11-28 01:00:00, "SAO  ", -1.1, -6.1, 0.375, 1021.3, 1, 158, 0
1950-11-28 02:00:00, "SAO  ", -2.8, -6.1, 0.25, 1021, 1.5, 113, 0
1950-11-28 03:00:00, "SAO  ", -3.9, -5.6, 0.75, 1019.6, 1, 90, 0
1950-11-28 04:00:00, "SAO  ", -3.9, -6.7, 0.75, 1019.6, 2.6, 45, 0
1950-11-28 05:00:00, "SAO  ", -2.8, -5, 0.875, 1019, 1, 113, 0
1950-11-28 06:00:00, "SAO  ", -2.2, -5.6, 1, 1019, 1, 135, 0
1950-11-28 07:00:00, "SAO  ", -2.8, -6.7, 1, 1019, 3.6, 360, 0
1950-11-28 08:00:00, "SAO  ", -2.8, -6.1, 0.75, 1020.3, 4.1, 338, 0
1950-11-28 09:00:00, "SAO  ", -1.7, -5, 0.375, 1021.3, 11.3, 360, 0
1950-11-28 10:00:00, "SAO  ", 2.2, -5, 0.5, 1022, 12.9, 338, 0
1950-11-28 11:00:00, "SAO  ", 6.1, -2.8, 0.375, 1024.4, 13.9, 338, 0
1950-11-28 12:00:00, "SAO  ", 5, -2.8, 0, 1025.4, 8.8, 338, 0
1950-11-28 13:00:00, "SAO  ", 4.4, -2.2, 0.75, 1025.4, 10.3, 338, 0
1950-11-28 14:00:00, "SAO  ", 5, -4.4, 0.75, 1025.7, 9.8, 338, 0
1950-11-28 15:00:00, "SAO  ", 5.6, -7.8, 0.75, 1027.4, 10.3, 315, 0
1950-11-28 16:00:00, "SAO  ", 8.3, -9.4, 0, 1027.4, 10.8, 315, 0
1950-11-28 17:00:00, "SAO  ", 8.9, -8.9, 0.75, 1026.4, 10.8, 315, 0
1950-11-28 18:00:00, "SAO  ", 9.4, -10, 0.875, 1026.4, 11.3, 338, 0
1950-11-28 19:00:00, "SAO  ", 10, -12.2, 0.625, 1025.1, 7.7, 360, 0
1950-11-28 20:00:00, "SAO  ", 10, -10, 0.25, 1024.7, 8.2, 360, 0
1950-11-28 21:00:00, "SAO  ", 10, -12.2, 0.25, 1024.4, 6.7, 360, 0
1950-11-28 22:00:00, "SAO  ", 8.3, -10.6, 0.125, 1024.4, 3.6, 338, 0
1950-11-28 23:00:00, "SAO  ", 2.2, -8.9, 0.125, 1023.7, 4.1, 360, 0
1950-11-29 00:00:00, "SAO  ", 1.7, -10, 0.125, 1023.7, 1, 135, 0
1950-11-29 01:00:00, "SAO  ", 0, -9.4, 0, 1023.7, 1.5, 248, 0
1950-11-29 02:00:00, "SAO  ", 0.6, -9.4, 0, 1022.7, 3.1, 225, 0
1950-11-29 03:00:00, "SAO  ", 0, -8.9, 0.25, 1022, 2.1, 203, 0
1950-11-29 04:00:00, "SAO  ", -0.6, -7.8, 0.75, 1021, 3.6, 180, 0
1950-11-29 05:00:00, "SAO  ", -1.1, -8.3, 0.375, 1020.7, 1, 315, 0
1950-11-29 06:00:00, "SAO  ", -1.1, -8.3, 0.75, 1019.3, 1, 68, 0
1950-11-29 07:00:00, "SAO  ", -2.2, -8.9, 0.75, 1018.6, 1, 338, 0
1950-11-29 08:00:00, "SAO  ", -2.8, -7.8, 1, 1018.3, 1, 315, 0
1950-11-29 09:00:00, "SAO  ", 0, -10, 0.375, 1018, 7.2, 338, 0
1950-11-29 10:00:00, "SAO  ", 0.6, -8.3, 0.375, 1018, 6.2, 338, 0
1950-11-29 11:00:00, "SAO  ", 0.6, -8.9, 0.5, 1018.6, 6.2, 315, 0
1950-11-29 12:00:00, "SAO  ", 0.6, -9.4, 0.5, 1018.3, 5.2, 315, 0
1950-11-29 13:00:00, "SAO  ", 0.6, -10, 1, 1018.6, 3.6, 315, 0
1950-11-29 14:00:00, "SAO  ", 1.7, -10, 1, 1018.3, 4.1, 315, 0
1950-11-29 15:00:00, "SAO  ", 3.3, -9.4, 1, 1018.6, 6.2, 338, 0
1950-11-29 16:00:00, "SAO  ", 3.9, -7.2, 1, 1018.6, 8.2, 360, 0
1950-11-29 17:00:00, "SAO  ", 5.6, -7.2, 1, 1018.3, 7.2, 360, 0
1950-11-29 18:00:00, "SAO  ", 6.1, -6.7, 1, 1017.6, 6.2, 360, 0
1950-11-29 19:00:00, "SAO  ", 6.1, -6.1, 1, 1017.3, 3.6, 315, 0
1950-11-29 20:00:00, "SAO  ", 6.1, -6.7, 1, 1016.3, 3.1, 338, 0
1950-11-29 21:00:00, "SAO  ", 6.1, -6.7, 1, 1016.3, 4.6, 23, 0
1950-11-29 22:00:00, "SAO  ", 5.6, -6.1, 1, 1016.3, 3.6, 23, 0
1950-11-29 23:00:00, "SAO  ", 2.8, -5, 1, 1016.3, 1.5, 45, 0
1950-11-30 00:00:00, "SAO  ", 1.7, -5.6, 1, 1017.3, 1.5, 270, 0
1950-11-30 01:00:00, "SAO  ", 1.7, -4.4, 1, 1017.6, 2.1, 315, 0
1950-11-30 02:00:00, "SAO  ", 1.1, -6.1, 1, 1017.6, 1.5, 315, 0
1950-11-30 03:00:00, "SAO  ", 1.1, -5.6, 1, 1017.3, 2.1, 293, 0
1950-11-30 04:00:00, "SAO  ", 0.6, -6.1, 1, 1017.3, 3.1, 315, 0
1950-11-30 05:00:00, "SAO  ", -1.7, -7.2, 0.75, 1017.3, 4.6, 360, 0
1950-11-30 06:00:00, "SAO  ", -2.8, -7.2, 0.25, 1017.6, 5.7, 360, 0
1950-11-30 07:00:00, "SAO  ", -2.8, -6.7, 0.75, 1017.6, 6.2, 338, 0
1950-11-30 08:00:00, "SAO  ", -3.3, -6.7, 0.25, 1017.6, 3.6, 360, 0
1950-11-30 09:00:00, "SAO  ", -4.4, -6.7, 0.875, 1017.6, 2.6, 338, 0
1950-11-30 10:00:00, "SAO  ", -3.9, -7.2, 1, 1017.3, 1.5, 360, 0
1950-11-30 11:00:00, "SAO  ", -3.9, -7.2, 1, 1017.6, 1.5, 45, 0
1950-11-30 12:00:00, "SAO  ", -3.9, -6.7, 1, 1018, 1.5, 45, 0
1950-11-30 13:00:00, "SAO  ", -4.4, -7.8, 1, 1016.9, 2.1, 90, 0
1950-11-30 14:00:00, "SAO  ", -4.4, -7.8, 1, 1017.3, 3.6, 135, 0
1950-11-30 15:00:00, "SAO  ", -4.4, -8.3, 1, 1016.9, 4.6, 135, 0
1950-11-30 16:00:00, "SAO  ", -3.9, -8.3, 1, 1016.3, 3.6, 135, 0
1950-11-30 17:00:00, "SAO  ", -2.8, -8.3, 1, 1014.9, 5.2, 135, 0
1950-11-30 18:00:00, "SAO  ", -1.7, -8.3, 1, 1014.2, 5.2, 135, 0
1950-11-30 19:00:00, "SAO  ", -0.6, -6.7, 0.75, 1011.5, 7.7, 158, 0
1950-11-30 20:00:00, "SAO  ", 1.7, -5.6, 0.625, 1010.2, 8.8, 158, 0
1950-11-30 21:00:00, "SAO  ", 2.2, -6.1, 0.875, 1009.1, 8.2, 158, 0
1950-11-30 22:00:00, "SAO  ", 1.7, -6.7, 0.875, 1007.8, 6.2, 135, 0
1950-11-30 23:00:00, "SAO  ", -0.6, -6.7, 1, 1007.5, 4.6, 113, 0
1950-12-01 00:00:00, "SAO  ", -1.7, -7.2, 1, 1006.8, 4.1, 135, 0
1950-12-01 01:00:00, "SAO  ", -2.2, -7.8, 1, 1005.8, 5.2, 113, 0
1950-12-01 02:00:00, "SAO  ", -2.2, -7.2, 1, 1004.4, 6.2, 113, 0
1950-12-01 03:00:00, "SAO  ", -3.3, -7.2, 1, 1003.4, 3.1, 135, 0
1950-12-01 04:00:00, "SAO  ", -3.9, -7.2, 0.625, 1002.7, 2.6, 135, 0
1950-12-01 05:00:00, "SAO  ", -3.3, -7.2, 0.25, 1001.4, 2.1, 135, 0
1950-12-01 06:00:00, "SAO  ", -3.9, -7.2, 0.75, 1001.4, 1, 180, 0
1950-12-01 07:00:00, "SAO  ", -3.9, -6.7, 0.625, 1000, 1, 23, 0
1950-12-01 08:00:00, "SAO  ", -2.8, -6.7, 0.75, 998.6, 1, 23, 0
1950-12-01 09:00:00, "SAO  ", -3.3, -6.1, 1, 998.6, 1.5, 23, 0
1950-12-01 10:00:00, "SAO  ", -6.7, -8.9, 1, 999.3, 4.6, 360, 0
1950-12-01 11:00:00, "SAO  ", -6.1, -8.9, 1, 999.3, 1.5, 315, 0
1950-12-01 12:00:00, "SAO  ", -6.1, -8.9, 1, 999, 1.5, 315, 0
1950-12-01 13:00:00, "SAO  ", -6.7, -8.9, 0.75, 999.7, 10.8, 338, 0
1950-12-01 14:00:00, "SAO  ", -8.3, -11.7, 0.75, 1001.4, 8.2, 360, 0
1950-12-01 15:00:00, "SAO  ", -6.1, -8.9, 0.75, 1001.7, 8.2, 360, 0
1950-12-01 16:00:00, "SAO  ", -3.9, -8.3, 0.5, 1001.7, 9.3, 360, 0
1950-12-01 17:00:00, "SAO  ", -0.6, -7.8, 0.25, 1002, 10.8, 338, 0
1950-12-01 18:00:00, "SAO  ", 0.6, -6.7, 0.125, 1000, 12.9, 360, 0
1950-12-01 19:00:00, "SAO  ", 0, -6.7, 0.875, 1001.7, 13.4, 360, 0
1950-12-01 20:00:00, "SAO  ", -2.2, -7.8, 1, 1001.7, 16, 360, 0
1950-12-01 21:00:00, "SAO  ", -3.3, -8.9, 1, 1002, 15.5, 338, 0
1950-12-01 22:00:00, "SAO  ", -3.9, -9.4, 1, 1004.4, 11.3, 360, 0
1950-12-01 23:00:00, "SAO  ", -4.4, -7.8, 1, 1004.7, 8.8, 360, 0
1950-12-02 00:00:00, "SAO  ", -5.6, -6.7, 1, 1006.8, 6.7, 360, 0
1950-12-02 01:00:00, "SAO  ", -5.6, -7.8, 1, 1007.5, 7.7, 360, 0
1950-12-02 02:00:00, "SAO  ", -6.7, -8.3, 1, 1008.1, 8.2, 360, 0
1950-12-02 03:00:00, "SAO  ", -6.7, -8.9, 1, 1008.1, 7.7, 360, 0
1950-12-02 04:00:00, "SAO  ", -7.2, -9.4, 1, 1008.8, 8.2, 360, 0
1950-12-02 05:00:00, "SAO  ", -7.8, -9.4, 1, 1009.1, 6.7, 360, 0
1950-12-02 06:00:00, "SAO  ", -7.8, -9.4, 1, 1009.5, 6.2, 23, 0
1950-12-02 07:00:00, "SAO  ", -8.3, -10, 1, 1009.5, 7.2, 360, 3
1950-12-02 08:00:00, "SAO  ", -8.9, -10.6, 1, 1009.5, 7.2, 360, 3
1950-12-02 09:00:00, "SAO  ", -8.9, -11.1, 1, 1009.5, 6.7, 360, 0
1950-12-02 10:00:00, "SAO  ", -10, -12.2, 1, 1010.8, 3.6, 360, 0
1950-12-02 11:00:00, "SAO  ", -10.6, -12.8, 1, 1012.2, 3.6, 360, 0
1950-12-02 12:00:00, "SAO  ", -10.6, -12.8, 1, 1012.5, 3.6, 360, 0
1950-12-02 13:00:00, "SAO  ", -11.1, -13.3, 1, 1013.2, 4.1, 360, 0
1950-12-02 14:00:00, "SAO  ", -11.7, -13.9, 1, 1014.2, 4.6, 23, 0
1950-12-02 15:00:00, "SAO  ", -11.7, -13.3, 1, 1015.2, 3.1, 23, 0
1950-12-02 16:00:00, "SAO  ", -11.1, -13.3, 1, 1015.6, 3.6, 23, 0
1950-12-02 17:00:00, "SAO  ", -10, -12.8, 1, 1016.6, 2.6, 23, 0
1950-12-02 18:00:00, "SAO  ", -8.9, -12.2, 1, 1015.9, 0, 0, 0
1950-12-02 19:00:00, "SAO  ", -7.8, -11.1, 1, 1015.6, 1, 315, 0
1950-12-02 20:00:00, "SAO  ", -5.6, -9.4, 0.25, 1015.6, 1, 135, 0
1950-12-02 21:00:00, "SAO  ", -5.6, -10, 0.25, 1015.9, 1.5, 203, 0
1950-12-02 22:00:00, "SAO  ", -6.1, -8.9, 0.25, 1015.9, 2.1, 180, 0
1950-12-02 23:00:00, "SAO  ", -8.3, -10, 0, 1018, 2.1, 180, 0
1950-12-03 00:00:00, "SAO  ", -10, -11.7, 0, 1018, 1.5, 225, 0
1950-12-03 01:00:00, "SAO  ", -10.6, -12.8, 0, 1018.3, 1.5, 180, 0
1950-12-03 02:00:00, "SAO  ", -12.2, -14.4, 0, 1019, 1, 90, 0
1950-12-03 03:00:00, "SAO  ", -11.7, -13.9, 0, 1019, 1, 293, 0
1950-12-03 04:00:00, "SAO  ", -11.7, -13.9, 0, 1018.6, 1, 270, 0
1950-12-03 05:00:00, "SAO  ", -11.7, -13.9, 0, 1018, 1, 90, 0
1950-12-03 06:00:00, "SAO  ", -10.6, -12.8, 0, 1017.6, 2.6, 293, 0
1950-12-03 07:00:00, "SAO  ", -11.7, -14.4, 0, 1017.3, 1, 180, 0
1950-12-03 08:00:00, "SAO  ", -11.7, -14.4, 0, 1016.6, 1, 90, 0
1950-12-03 09:00:00, "SAO  ", -10, -13.9, 0, 1016.6, 1, 158, 0
1950-12-03 10:00:00, "SAO  ", -12.2, -16.1, 0, 1014.6, 0, 0, 0
1950-12-03 11:00:00, "SAO  ", -12.2, -16.1, 0, 1014.2, 0, 0, 0
1950-12-03 12:00:00, "SAO  ", -13.3, -15.6, 0, 1013.9, 0, 0, 0
1950-12-03 13:00:00, "SAO  ", -12.8, -15.6, 0.5, 1013.5, 0, 0, 0
1950-12-03 14:00:00, "SAO  ", -11.1, -14.4, 0.75, 1012.5, 1.5, 360, 0
1950-12-03 15:00:00, "SAO  ", -10.6, -13.3, 1, 1011.9, 1, 360, 0
1950-12-03 16:00:00, "SAO  ", -7.2, -11.1, 1, 1011.5, 1.5, 90, 0
1950-12-03 17:00:00, "SAO  ", -5.6, -10.6, 1, 1010.8, 2.6, 68, 0
1950-12-03 18:00:00, "SAO  ", -1.7, -8.3, 1, 1009.1, 3.1, 158, 0
1950-12-03 19:00:00, "SAO  ", -1.1, -7.8, 1, 1008.1, 4.1, 135, 0
1950-12-03 20:00:00, "SAO  ", -2.2, -7.2, 0.75, 1007.8, 4.1, 113, 0
1950-12-03 21:00:00, "SAO  ", 0, -6.1, 0.875, 1006.4, 3.6, 135, 0
1950-12-03 22:00:00, "SAO  ", -1.7, -6.1, 0.875, 1007.5, 1.5, 135, 0
1950-12-03 23:00:00, "SAO  ", -4.4, -6.7, 1, 1008.5, 3.1, 45, 0
1950-12-04 00:00:00, "SAO  ", -5, -7.2, 1, 1007.8, 2.6, 45, 0
1950-12-04 01:00:00, "SAO  ", -5.6, -7.2, 1, 1008.1, 1, 338, 0
1950-12-04 02:00:00, "SAO  ", -6.7, -8.9, 0.75, 1007.1, 1, 90, 0
1950-12-04 03:00:00, "SAO  ", -7.2, -10, 0.75, 1006.1, 2.6, 45, 0
1950-12-04 04:00:00, "SAO  ", -6.7, -9.4, 0.75, 1005.4, 1, 158, 0
1950-12-04 05:00:00, "SAO  ", -6.7, -8.3, 1, 1004.1, 0.5, 225, 0
1950-12-04 06:00:00, "SAO  ", -6.1, -8.3, 1, 1003.4, 1.5, 45, 0
1950-12-04 07:00:00, "SAO  ", -5, -7.2, 1, 1002.4, 1.5, 90, 0
1950-12-04 08:00:00, "SAO  ", -6.7, -7.8, 1, 1003.1, 1.5, 23, 0
1950-12-04 09:00:00, "SAO  ", -6.7, -9.4, 1, 1003.4, 4.1, 23, 0
1950-12-04 10:00:00, "SAO  ", -8.9, -10, 1, 1004.4, 5.7, 360, 0
1950-12-04 11:00:00, "SAO  ", -8.9, -10, 1, 1005.1, 7.2, 23, 0
1950-12-04 12:00:00, "SAO  ", -8.9, -10, 1, 1005.8, 7.7, 360, 0
1950-12-04 13:00:00, "SAO  ", -8.9, -10, 1, 1007.8, 7.7, 360, 0
1950-12-04 14:00:00, "SAO  ", -9.4, -10.6, 1, 1008.5, 8.8, 360, 0
1950-12-04 15:00:00, "SAO  ", -9.4, -10.6, 1, 1010.2, 7.2, 360, 0
1950-12-04 16:00:00, "SAO  ", -8.9, -10, 1, 1011.2, 8.2, 360, 0
1950-12-04 17:00:00, "SAO  ", -9.4, -11.1, 1, 1012.9, 10.3, 338, 0
1950-12-04 18:00:00, "SAO  ", -11.1, -13.3, 0.875, 1013.5, 13.4, 338, 0
1950-12-04 19:00:00, "SAO  ", -12.2, -16.7, 1, 1014.6, 15.5, 338, 0
1950-12-04 20:00:00, "SAO  ", -13.9, -17.2, 1, 1016.9, 15.5, 338, 0
1950-12-04 21:00:00, "SAO  ", -15, -17.2, 1, 1018.6, 15.5, 338, 0
1950-12-04 22:00:00, "SAO  ", -15, -18.3, 1, 1021.3, 15.5, 338, 3
1950-12-04 23:00:00, "SAO  ", -15, -20, 1, 1023, 15.5, 338, 3
1950-12-05 00:00:00, "SAO  ", -15.6, -19.4, 0.875, 1025.4, 15.5, 338, 0
1950-12-05 01:00:00, "SAO  ", -17.2, -23.3, 0.375, 1028.1, 14.4, 315, 0
1950-12-05 02:00:00, "SAO  ", -17.8, -22.8, 0.125, 1029.8, 11.3, 315, 0
1950-12-05 03:00:00, "SAO  ", -18.3, -23.3, 0, 1030.5, 11.8, 338, 0
1950-12-05 04:00:00, "SAO  ", -18.3, -23.9, 0, 1032.2, 11.3, 338, 0
1950-12-05 05:00:00, "SAO  ", -18.3, -23.9, 0, 1033.2, 10.3, 338, 0
1950-12-05 06:00:00, "SAO  ", -18.3, -23.9, 0, 1034.2, 9.3, 338, 0
1950-12-05 07:00:00, "SAO  ", -18.9, -23.9, 0, 1035.6, 11.3, 338, 0
1950-12-05 08:00:00, "SAO  ", -18.9, -23.9, 0, 1036.2, 10.8, 338, 0
1950-12-05 09:00:00, "SAO  ", -18.9, -23.9, 0, 1037.3, 10.3, 338, 0
1950-12-05 10:00:00, "SAO  ", -18.9, -23.3, 0, 1037.9, 9.8, 338, 0
1950-12-05 11:00:00, "SAO  ", -18.9, -23.3, 0, 1038.3, 7.2, 338, 0
1950-12-05 12:00:00, "SAO  ", -18.9, -25.6, 0, 1038.6, 8.8, 338, 0
1950-12-05 13:00:00, "SAO  ", -20, -25, 0, 1040.3, 1.5, 248, 0
1950-12-05 14:00:00, "SAO  ", -20, -23.3, 0, 1041.3, 1.5, 270, 0
1950-12-05 15:00:00, "SAO  ", -17.8, -21.7, 0, 1041.3, 4.6, 315, 0
1950-12-05 16:00:00, "SAO  ", -15, -21.1, 0, 1041, 6.7, 315, 0
1950-12-05 17:00:00, "SAO  ", -13.3, -20, 0, 1040.6, 6.7, 338, 0
1950-12-05 18:00:00, "SAO  ", -13.3, -18.9, 0.125, 1038.9, 8.8, 338, 0
1950-12-05 19:00:00, "SAO  ", -12.8, -17.8, 0.5, 1038.6, 7.7, 338, 0
1950-12-05 20:00:00, "SAO  ", -12.2, -16.7, 0.625, 1038.3, 10.3, 338, 0
1950-12-05 21:00:00, "SAO  ", -12.8, -16.7, 0.75, 1037.6, 8.8, 360, 0
1950-12-05 22:00:00, "SAO  ", -13.3, -20, 0.75, 1038.6, 8.8, 360, 0
1950-12-05 23:00:00, "SAO  ", -14.4, -19.4, 0.75, 1038.6, 1.5, 113, 0
1950-12-06 00:00:00, "SAO  ", -15.6, -20, 0.625, 1038.9, 1.5, 338, 0
1950-12-06 01:00:00, "SAO  ", -17.8, -21.7, 0.25, 1039.6, 1, 338, 0
1950-12-06 02:00:00, "SAO  ", -18.3, -22.8, 0, 1039.6, 1.5, 293, 0
1950-12-06 03:00:00, "SAO  ", -19.4, -23.3, 0, 1039.6, 1.5, 338, 0
1950-12-06 04:00:00, "SAO  ", -20, -23.3, 0, 1039.3, 1.5, 315, 0
1950-12-06 05:00:00, "SAO  ", -20, -22.8, 0, 1038.9, 1.5, 338, 0
1950-12-06 06:00:00, "SAO  ", -20.6, -23.3, 0, 1038.9, 1, 270, 0
1950-12-06 07:00:00, "SAO  ", -20.6, -25, 0, 1037.9, 2.1, 315, 0
1950-12-06 08:00:00, "SAO  ", -21.7, -25.6, 0, 1037.3, 3.1, 338, 0
1950-12-06 09:00:00, "SAO  ", -20.6, -24.4, 0, 1036.6, 3.1, 360, 0
1950-12-06 10:00:00, "SAO  ", -22.8, -26.1, 0, 1036.6, 1.5, 270, 0
1950-12-06 11:00:00, "SAO  ", -21.7, -25.6, 0, 1035.6, 1.5, 315, 0
1950-12-06 12:00:00, "SAO  ", -21.7, -25, 0, 1035.2, 1, 360, 0
1950-12-06 13:00:00, "SAO  ", -22.2, -26.1, 0, 1035.2, 1, 270, 0
1950-12-06 14:00:00, "SAO  ", -22.8, -26.1, 0, 1035.6, 1, 338, 0
1950-12-06 15:00:00, "SAO  ", -20.6, -23.3, 0, 1034.5, 2.1, 90, 0
1950-12-06 16:00:00, "SAO  ", -17.8, -22.8, 0, 1033.9, 0, 0, 0
1950-12-06 17:00:00, "SAO  ", -16.1, -21.7, 0, 1032.5, 1.5, 180, 0
1950-12-06 18:00:00, "SAO  ", -14.4, -20, 0, 1031.2, 0.5, 180, 0
1950-12-06 19:00:00, "SAO  ", -12.8, -20.6, 0, 1029.5, 1, 135, 0
1950-12-06 20:00:00, "SAO  ", -12.2, -19.4, 0, 1028.8, 3.1, 90, 0
1950-12-06 21:00:00, "SAO  ", -12.2, -17.8, 0.25, 1027.8, 3.6, 158, 0
1950-12-06 22:00:00, "SAO  ", -12.2, -19.4, 0.375, 1027.8, 3.1, 158, 0
1950-12-06 23:00:00, "SAO  ", -15, -20, 0.125, 1027.1, 1.5, 158, 0
1950-12-07 00:00:00, "SAO  ", -17.8, -20.6, 0.125, 1026.4, 2.1, 113, 0
1950-12-07 01:00:00, "SAO  ", -18.9, -21.1, 0, 1026.4, 1.5, 113, 0
1950-12-07 02:00:00, "SAO  ", -20, -22.8, 0, 1025.4, 3.1, 113, 0
1950-12-07 03:00:00, "SAO  ", -20.6, -23.9, 0, 1024.7, 1.5, 180, 0
1950-12-07 04:00:00, "SAO  ", -20.6, -23.9, 0, 1023, 2.6, 113, 0
1950-12-07 05:00:00, "SAO  ", -21.7, -24.4, 0, 1022.7, 1.5, 113, 0
1950-12-07 06:00:00, "SAO  ", -21.1, -23.9, 0, 1021.7, 2.1, 113, 0
1950-12-07 07:00:00, "SAO  ", -20, -23.3, 0, 1019.3, 4.1, 113, 0
1950-12-07 08:00:00, "SAO  ", -20.6, -24.4, 0, 1019.3, 5.2, 113, 0
1950-12-07 09:00:00, "SAO  ", -20.6, -23.9, 0, 1017.6, 4.6, 135, 0
1950-12-07 10:00:00, "SAO  ", -19.4, -22.2, 0, 1016.3, 7.2, 135, 0
1950-12-07 11:00:00, "SAO  ", -18.9, -21.7, 0.75, 1015.2, 6.7, 135, 0
1950-12-07 12:00:00, "SAO  ", -17.8, -21.1, 0.75, 1014.9, 5.7, 135, 0
1950-12-07 13:00:00, "SAO  ", -17.2, -22.2, 0.75, 1013.9, 4.6, 135, 0
1950-12-07 14:00:00, "SAO  ", -17.2, -21.7, 0.75, 1012.2, 6.2, 135, 0
1950-12-07 15:00:00, "SAO  ", -16.7, -22.2, 1, 1011.9, 6.7, 135, 0
1950-12-07 16:00:00, "SAO  ", -13.9, -21.1, 0.875, 1011.9, 7.2, 135, 0
1950-12-07 17:00:00, "SAO  ", -12.2, -17.8, 0.375, 1011.2, 5.2, 113, 0
1950-12-07 18:00:00, "SAO  ", -8.9, -16.7, 0.75, 1009.5, 4.6, 135, 0
1950-12-07 19:00:00, "SAO  ", -9.4, -16.7, 1, 1009.1, 3.1, 113, 0
1950-12-07 20:00:00, "SAO  ", -9.4, -17.2, 1, 1009.1, 1.5, 45, 0
1950-12-07 21:00:00, "SAO  ", -9.4, -16.7, 1, 1009.5, 1.5, 68, 0
1950-12-07 22:00:00, "SAO  ", -8.9, -17.2, 1, 1010.5, 1, 45, 0
1950-12-07 23:00:00, "SAO  ", -9.4, -16.1, 1, 1010.8, 2.6, 45, 0
1950-12-08 00:00:00, "SAO  ", -9.4, -15.6, 1, 1011.5, 1.5, 45, 0
1950-12-08 01:00:00, "SAO  ", -9.4, -15.6, 1, 1011.9, 1.5, 23, 0
1950-12-08 02:00:00, "SAO  ", -10, -15, 1, 1012.9, 1, 360, 0
1950-12-08 03:00:00, "SAO  ", -9.4, -15, 0.875, 1012.9, 1.5, 360, 0
1950-12-08 04:00:00, "SAO  ", -9.4, -13.9, 0.875, 1012.9, 1, 203, 0
1950-12-08 05:00:00, "SAO  ", -9.4, -14.4, 0.75, 1012.5, 1.5, 180, 0
1950-12-08 06:00:00, "SAO  ", -9.4, -14.4, 0.75, 1012.5, 1, 90, 0
1950-12-08 07:00:00, "SAO  ", -8.3, -13.3, 1, 1012.2, 2.6, 315, 0
1950-12-08 08:00:00, "SAO  ", -6.7, -11.7, 1, 1011.9, 1.5, 270, 0
1950-12-08 09:00:00, "SAO  ", -6.7, -11.7, 0.5, 1012.2, 1.5, 315, 0
1950-12-08 10:00:00, "SAO  ", -5.6, -10, 0.25, 1012.9, 1, 270, 0
1950-12-08 11:00:00, "SAO  ", -1.7, -5, 0.25, 1012.2, 2.1, 248, 0
1950-12-08 12:00:00, "SAO  ", 0, -4.4, 1, 1012.5, 5.2, 315, 0
1950-12-08 13:00:00, "SAO  ", 0, -0.6, 0.5, 1013.2, 5.2, 315, 0
1950-12-08 14:00:00, "SAO  ", -1.1, -6.1, 0, 1015.2, 4.6, 315, 0
1950-12-08 15:00:00, "SAO  ", 2.2, -6.7, 0, 1014.9, 7.2, 315, 0
1950-12-08 16:00:00, "SAO  ", 3.9, -7.2, 0, 1014.9, 8.2, 315, 0
1950-12-08 17:00:00, "SAO  ", 5.6, -5, 0, 1015.2, 3.6, 338, 0
1950-12-08 18:00:00, "SAO  ", 6.1, -5.6, 0, 1015.2, 4.1, 338, 0
1950-12-08 19:00:00, "SAO  ", 8.3, -3.3, 0, 1014.6, 8.8, 338, 0
1950-12-08 20:00:00, "SAO  ", 7.2, -1.7, 0, 1014.9, 8.2, 338, 0
1950-12-08 21:00:00, "SAO  ", 6.7, -4.4, 0, 1015.9, 8.2, 338, 0
1950-12-08 22:00:00, "SAO  ", 5, -7.2, 0, 1015.9, 8.2, 338, 0
1950-12-08 23:00:00, "SAO  ", 1.7, -6.1, 0, 1016.9, 5.2, 338, 0
1950-12-09 00:00:00, "SAO  ", 1.7, -7.8, 0, 1017.6, 5.2, 293, 0
1950-12-09 01:00:00, "SAO  ", 1.1, -8.3, 0, 1017.6, 4.1, 315, 0
1950-12-09 02:00:00, "SAO  ", -1.1, -8.3, 0, 1019, 1.5, 315, 0
1950-12-09 03:00:00, "SAO  ", 0, -8.3, 0, 1019, 4.6, 293, 0
1950-12-09 04:00:00, "SAO  ", 2.8, -6.1, 0, 1019.3, 9.3, 315, 0
1950-12-09 05:00:00, "SAO  ", 2.8, -6.1, 0.5, 1019.3, 8.2, 315, 0
1950-12-09 06:00:00, "SAO  ", 1.7, -7.2, 0.25, 1020, 7.2, 293, 0
1950-12-09 07:00:00, "SAO  ", 1.1, -6.7, 0, 1020.3, 6.2, 315, 0
1950-12-09 08:00:00, "SAO  ", -0.6, -7.2, 0, 1021, 4.6, 315, 0
1950-12-09 09:00:00, "SAO  ", 2.8, -7.2, 0, 1020.7, 7.2, 315, 0
1950-12-09 10:00:00, "SAO  ", 2.8, -6.1, 0, 1021.7, 8.2, 315, 0
1950-12-09 11:00:00, "SAO  ", 1.7, -6.1, 0, 1023.4, 6.7, 338, 0
1950-12-09 12:00:00, "SAO  ", 0, -6.1, 0, 1024.7, 8.2, 338, 0
1950-12-09 13:00:00, "SAO  ", 0, -6.7, 0, 1025.7, 6.7, 315, 0
1950-12-09 14:00:00, "SAO  ", 0, -6.7, 0, 1027.1, 8.8, 315, 0
1950-12-09 15:00:00, "SAO  ", 1.1, -7.2, 0, 1027.1, 8.8, 315, 0
1950-12-09 16:00:00, "SAO  ", 2.8, -7.2, 0, 1027.4, 12.9, 338, 0
1950-12-09 17:00:00, "SAO  ", 3.9, -6.7, 0, 1028.1, 11.8, 315, 0
1950-12-09 18:00:00, "SAO  ", 5, -8.9, 0, 1027.4, 12.4, 315, 0
1950-12-09 19:00:00, "SAO  ", 5.6, -9.4, 0, 1027.1, 13.4, 338, 0
1950-12-09 20:00:00, "SAO  ", 6.1, -8.3, 0, 1027.8, 11.8, 315, 0
1950-12-09 21:00:00, "SAO  ", 6.1, -8.3, 0, 1027.8, 10.8, 315, 0
1950-12-09 22:00:00, "SAO  ", 5, -9.4, 0, 1027.8, 9.8, 315, 0
1950-12-09 23:00:00, "SAO  ", 3.3, -8.3, 0, 1028.8, 10.3, 315, 0
1950-12-10 00:00:00, "SAO  ", 1.7, -6.7, 0, 1029.5, 7.2, 315, 0
1950-12-10 01:00:00, "SAO  ", -0.6, -10, 0, 1029.5, 2.1, 270, 0
1950-12-10 02:00:00, "SAO  ", -2.8, -8.3, 0, 1029.8, 1.5, 293, 0
1950-12-10 03:00:00, "SAO  ", -2.8, -8.9, 0, 1029.8, 2.6, 158, 0
1950-12-10 04:00:00, "SAO  ", -3.9, -9.4, 0, 1029.8, 0.5, 225, 0
1950-12-10 05:00:00, "SAO  ", -6.7, -10, 0, 1029.5, 0.5, 293, 0
1950-12-10 06:00:00, "SAO  ", -4.4, -9.4, 0, 1028.8, 0.5, 68, 0
1950-12-10 07:00:00, "SAO  ", -5.6, -10.6, 0, 1028.1, 1.5, 113, 0
1950-12-10 08:00:00, "SAO  ", -3.9, -10, 0, 1027.1, 1.5, 315, 0
1950-12-10 09:00:00, "SAO  ", -3.9, -10, 0, 1026.8, 1.5, 270, 0
1950-12-10 10:00:00, "SAO  ", -3.3, -9.4, 0, 1025.4, 1.5, 248, 0
1950-12-10 11:00:00, "SAO  ", -1.7, -8.9, 0, 1024.7, 1, 270, 0
1950-12-10 12:00:00, "SAO  ", -2.2, -9.4, 0.375, 1024, 1.5, 158, 0
1950-12-10 13:00:00, "SAO  ", -2.8, -8.3, 1, 1023.7, 1.5, 180, 0
1950-12-10 14:00:00, "SAO  ", -3.3, -8.9, 1, 1023.4, 1.5, 113, 0
1950-12-10 15:00:00, "SAO  ", -1.7, -8.9, 1, 1022.7, 1.5, 135, 0
1950-12-10 16:00:00, "SAO  ", -1.1, -6.7, 1, 1022.4, 1.5, 45, 0
1950-12-10 17:00:00, "SAO  ", 1.7, -2.8, 1, 1021.7, 0.5, 90, 0
1950-12-10 18:00:00, "SAO  ", 4.4, -7.8, 1, 1019, 1, 135, 0
1950-12-10 19:00:00, "SAO  ", 8.3, -1.7, 1, 1016.6, 0.5, 113, 0
1950-12-10 20:00:00, "SAO  ", 11.7, -0.6, 1, 1015.9, 1, 113, 0
1950-12-10 21:00:00, "SAO  ", 12.8, -0.6, 1, 1015.6, 2.1, 270, 0
1950-12-10 22:00:00, "SAO  ", 12.8, -1.7, 1, 1015.2, 5.7, 360, 0
1950-12-10 23:00:00, "SAO  ", 8.3, -1.7, 0.75, 1015.9, 5.7, 360, 0
1950-12-11 00:00:00, "SAO  ", 7.2, -2.2, 0.75, 1014.9, 4.1, 315, 0
1950-12-11 01:00:00, "SAO  ", 6.1, -1.7, 0.25, 1014.9, 1, 248, 0
1950-12-11 02:00:00, "SAO  ", 5.6, -1.7, 0.25, 1014.9, 3.6, 338, 0
1950-12-11 03:00:00, "SAO  ", 8.3, -1.1, 0, 1014.2, 5.2, 315, 0
1950-12-11 04:00:00, "SAO  ", 8.9, -1.1, 0, 1013.9, 4.6, 315, 0
1950-12-11 05:00:00, "SAO  ", 10, -1.7, 0, 1013.9, 6.7, 338, 0
1950-12-11 06:00:00, "SAO  ", 8.9, -1.7, 0, 1013.5, 7.7, 338, 0
1950-12-11 07:00:00, "SAO  ", 6.7, -0.6, 0, 1014.2, 5.7, 338, 0
1950-12-11 08:00:00, "SAO  ", 8.3, -0.6, 0, 1014.6, 8.8, 338, 0
1950-12-11 09:00:00, "SAO  ", 7.2, 0, 0, 1014.9, 8.2, 338, 0
1950-12-11 10:00:00, "SAO  ", 4.4, 0, 0, 1015.6, 5.7, 338, 0
1950-12-11 11:00:00, "SAO  ", 5, 0.6, 0.25, 1016.3, 5.7, 338, 0
1950-12-11 12:00:00, "SAO  ", 5, 0, 0.25, 1016.6, 6.7, 338, 0
1950-12-11 13:00:00, "SAO  ", 3.3, 0, 0.25, 1016.9, 5.7, 360, 0
1950-12-11 14:00:00, "SAO  ", 2.2, -0.6, 0.25, 1018.3, 4.1, 360, 0
1950-12-11 15:00:00, "SAO  ", 3.9, 0, 0.375, 1018, 5.2, 338, 0
1950-12-11 16:00:00, "SAO  ", 7.2, 0.6, 0.5, 1018, 5.2, 338, 0
1950-12-11 17:00:00, "SAO  ", 8.3, 0, 0.5, 1018, 5.2, 338, 0
1950-12-11 18:00:00, "SAO  ", 9.4, -2.2, 0.375, 1016.9, 7.7, 360, 0
1950-12-11 19:00:00, "SAO  ", 6.7, -6.7, 0.875, 1016.6, 5.2, 360, 0
1950-12-11 20:00:00, "SAO  ", 8.9, -2.8, 1, 1015.2, 5.2, 23, 0
1950-12-11 21:00:00, "SAO  ", 7.2, -6.7, 0.625, 1015.9, 5.2, 360, 0
1950-12-11 22:00:00, "SAO  ", 6.1, -2.8, 1, 1016.6, 1.5, 360, 0
1950-12-11 23:00:00, "SAO  ", 4.4, -2.8, 0.75, 1016.6, 4.1, 338, 0
1950-12-12 00:00:00, "SAO  ", 2.2, -3.3, 0.25, 1016.9, 3.1, 338, 0
1950-12-12 01:00:00, "SAO  ", 1.1, -3.9, 0.625, 1017.3, 4.6, 23, 0
1950-12-12 02:00:00, "SAO  ", -0.6, -5.6, 0.25, 1017.6, 4.1, 45, 0
1950-12-12 03:00:00, "SAO  ", -1.1, -4.4, 0.625, 1017.6, 1, 68, 0
1950-12-12 04:00:00, "SAO  ", -0.6, -3.9, 0.75, 1016.9, 0, 0, 0
1950-12-12 05:00:00, "SAO  ", -0.6, -3.3, 1, 1016.3, 0, 0, 0
1950-12-12 06:00:00, "SAO  ", -0.6, -3.9, 1, 1015.6, 0, 0, 0
1950-12-12 07:00:00, "SAO  ", -1.1, -4.4, 1, 1015.6, 2.6, 135, 0
1950-12-12 08:00:00, "SAO  ", -1.1, -3.9, 1, 1014.2, 0, 0, 0
1950-12-12 09:00:00, "SAO  ", -1.1, -3.9, 1, 1014.9, 0, 0, 0
1950-12-12 10:00:00, "SAO  ", -1.1, -4.4, 0.75, 1014.6, 1.5, 135, 0
1950-12-12 11:00:00, "SAO  ", -1.1, -5, 0.75, 1015.2, 1.5, 135, 0
1950-12-12 12:00:00, "SAO  ", -1.7, -3.9, 0.75, 1015.6, 1.5, 135, 0
1950-12-12 13:00:00, "SAO  ", -1.7, -5, 0.625, 1014.9, 2.1, 135, 0
1950-12-12 14:00:00, "SAO  ", -3.3, -5, 0.75, 1016.3, 1.5, 135, 0
1950-12-12 15:00:00, "SAO  ", -2.2, -4.4, 0.75, 1016.3, 1.5, 90, 0
1950-12-12 16:00:00, "SAO  ", 1.1, -4.4, 0.625, 1016.3, 1.5, 135, 0
1950-12-12 17:00:00, "SAO  ", 2.8, -3.9, 0.25, 1015.9, 1.5, 135, 0
1950-12-12 18:00:00, "SAO  ", 3.9, -3.9, 0, 1014.6, 1, 338, 0
1950-12-12 19:00:00, "SAO  ", 5.6, -1.7, 0, 1013.9, 5.2, 338, 0
1950-12-12 20:00:00, "SAO  ", 6.7, -1.7, 0.25, 1014.2, 7.2, 360, 0
1950-12-12 21:00:00, "SAO  ", 6.1, -0.6, 0.125, 1013.9, 5.7, 360, 0
1950-12-12 22:00:00, "SAO  ", 6.1, -2.8, 0.625, 1013.9, 5.2, 360, 0
1950-12-12 23:00:00, "SAO  ", 2.2, -5, 0.75, 1014.6, 5.2, 338, 0
1950-12-13 00:00:00, "SAO  ", 1.7, -4.4, 0.75, 1014.9, 5.2, 315, 0
1950-12-13 01:00:00, "SAO  ", 0.6, -5, 0.75, 1014.9, 2.1, 293, 0
1950-12-13 02:00:00, "SAO  ", 0.6, -5, 0.5, 1014.9, 4.1, 293, 0
1950-12-13 03:00:00, "SAO  ", 0, -6.7, 0.25, 1014.9, 3.6, 270, 0
1950-12-13 04:00:00, "SAO  ", 0, -6.1, 0.25, 1014.6, 3.1, 293, 0
1950-12-13 05:00:00, "SAO  ", 0, -5.6, 0.625, 1014.2, 2.6, 293, 0
1950-12-13 06:00:00, "SAO  ", -0.6, -6.1, 1, 1013.9, 4.1, 270, 0
1950-12-13 07:00:00, "SAO  ", 0.6, -6.1, 1, 1013.5, 3.6, 270, 0
1950-12-13 08:00:00, "SAO  ", 0.6, -5.6, 1, 1013.5, 1.5, 315, 0
1950-12-13 09:00:00, "SAO  ", 0.6, -6.1, 1, 1013.9, 1.5, 315, 0
1950-12-13 10:00:00, "SAO  ", 0.6, -6.1, 1, 1013.2, 1, 360, 0
1950-12-13 11:00:00, "SAO  ", 0.6, -6.1, 0.875, 1013.5, 1.5, 270, 0
1950-12-13 12:00:00, "SAO  ", -1.7, -7.2, 0.375, 1014.2, 1.5, 23, 0
1950-12-13 13:00:00, "SAO  ", -2.2, -7.8, 0, 1014.6, 1, 270, 0
1950-12-13 14:00:00, "SAO  ", -3.3, -7.8, 0.125, 1014.6, 1.5, 293, 0
1950-12-13 15:00:00, "SAO  ", -1.7, -6.7, 0.25, 1014.6, 1.5, 270, 0
1950-12-13 16:00:00, "SAO  ", 2.2, -5.6, 0.625, 1013.9, 1.5, 293, 0
1950-12-13 17:00:00, "SAO  ", 5.6, -6.1, 1, 1013.5, 1.5, 315, 0
1950-12-13 18:00:00, "SAO  ", 6.7, -6.7, 1, 1013.2, 3.1, 293, 0
1950-12-13 19:00:00, "SAO  ", 7.2, -6.1, 1, 1011.9, 6.2, 338, 0
1950-12-13 20:00:00, "SAO  ", 6.1, -6.7, 1, 1011.2, 7.7, 338, 0
1950-12-13 21:00:00, "SAO  ", 5.6, -6.1, 1, 1011.5, 5.2, 360, 0
1950-12-13 22:00:00, "SAO  ", 4.4, -5.6, 0.75, 1012.2, 5.7, 360, 0
1950-12-13 23:00:00, "SAO  ", 2.8, -5, 0.25, 1012.5, 5.7, 338, 0
1950-12-14 00:00:00, "SAO  ", 1.1, -3.3, 0.25, 1013.5, 6.2, 315, 0
1950-12-14 01:00:00, "SAO  ", -2.8, -5, 0, 1014.6, 2.6, 270, 0
1950-12-14 02:00:00, "SAO  ", -2.8, -6.7, 0, 1014.9, 3.6, 293, 0
1950-12-14 03:00:00, "SAO  ", -3.3, -7.2, 0, 1014.9, 2.1, 270, 0
1950-12-14 04:00:00, "SAO  ", -3.9, -7.8, 0, 1014.6, 2.1, 293, 0
1950-12-14 05:00:00, "SAO  ", -3.9, -7.8, 0, 1013.9, 2.1, 248, 0
1950-12-14 06:00:00, "SAO  ", -4.4, -7.8, 0, 1013.9, 4.6, 270, 0
1950-12-14 07:00:00, "SAO  ", -2.8, -8.3, 0, 1013.5, 5.2, 270, 0
1950-12-14 08:00:00, "SAO  ", -4.4, -8.9, 0, 1013.9, 2.1, 293, 0
1950-12-14 09:00:00, "SAO  ", -4.4, -8.9, 0, 1014.2, 1.5, 315, 0
1950-12-14 10:00:00, "SAO  ", -4.4, -7.8, 0, 1014.9, 1, 270, 0
1950-12-14 11:00:00, "SAO  ", -4.4, -8.3, 0, 1015.2, 1, 270, 0
1950-12-14 12:00:00, "SAO  ", -3.9, -8.3, 0, 1015.6, 2.1, 270, 0
1950-12-14 13:00:00, "SAO  ", -4.4, -8.3, 0.375, 1015.9, 1, 360, 0
1950-12-14 14:00:00, "SAO  ", -3.3, -8.3, 0.75, 1016.6, 1, 315, 0
1950-12-14 15:00:00, "SAO  ", -2.8, -7.2, 0.75, 1017.3, 1, 338, 0
1950-12-14 16:00:00, "SAO  ", -0.6, -5.6, 0.75, 1017.3, 4.6, 248, 0
1950-12-14 17:00:00, "SAO  ", 2.8, -7.8, 0.625, 1018, 13.4, 338, 0
1950-12-14 18:00:00, "SAO  ", 2.8, -7.2, 0.25, 1017.6, 11.8, 338, 0
1950-12-14 19:00:00, "SAO  ", 1.1, -5, 0.25, 1018, 11.8, 338, 0
1950-12-14 20:00:00, "SAO  ", 0.6, -6.1, 0.25, 1018.3, 13.4, 338, 0
1950-12-14 21:00:00, "SAO  ", 0, -7.2, 0.25, 1018.3, 12.4, 338, 0
1950-12-14 22:00:00, "SAO  ", -1.1, -10, 0.125, 1018, 11.8, 338, 0
1950-12-14 23:00:00, "SAO  ", -4.4, -9.4, 0, 1019.3, 7.7, 360, 0
1950-12-15 00:00:00, "SAO  ", -6.1, -11.7, 0, 1020, 5.2, 360, 0
1950-12-15 01:00:00, "SAO  ", -5.6, -11.7, 0, 1020.7, 6.7, 360, 0
1950-12-15 02:00:00, "SAO  ", -6.1, -12.8, 0, 1021.3, 7.2, 360, 0
1950-12-15 03:00:00, "SAO  ", -7.8, -12.8, 0, 1022.4, 2.6, 338, 0
1950-12-15 04:00:00, "SAO  ", -8.9, -12.2, 0.375, 1022.7, 2.1, 270, 0
1950-12-15 05:00:00, "SAO  ", -10.6, -14.4, 0.5, 1023, 1.5, 315, 0
1950-12-15 06:00:00, "SAO  ", -11.1, -15, 0.5, 1023, 1.5, 315, 0
1950-12-15 07:00:00, "SAO  ", -10.6, -13.9, 0.125, 1022.4, 3.1, 225, 0
1950-12-15 08:00:00, "SAO  ", -9.4, -13.3, 0.875, 1021.7, 1.5, 135, 0
1950-12-15 09:00:00, "SAO  ", -9.4, -13.9, 1, 1022, 1.5, 90, 0
1950-12-15 10:00:00, "SAO  ", -8.9, -13.3, 1, 1022, 2.6, 113, 0
1950-12-15 11:00:00, "SAO  ", -10, -14.4, 1, 1022, 1.5, 90, 0
1950-12-15 12:00:00, "SAO  ", -9.4, -12.2, 1, 1022, 2.6, 113, 0
1950-12-15 13:00:00, "SAO  ", -8.3, -13.3, 1, 1021.3, 2.1, 90, 0
1950-12-15 14:00:00, "SAO  ", -8.9, -12.8, 0.625, 1021, 2.1, 113, 0
1950-12-15 15:00:00, "SAO  ", -8.3, -12.2, 0.125, 1020.3, 1.5, 135, 0
1950-12-15 16:00:00, "SAO  ", -5, -11.1, 0.125, 1020.3, 1, 135, 0
1950-12-15 17:00:00, "SAO  ", -1.7, -8.9, 0, 1020.3, 1, 225, 0
1950-12-15 18:00:00, "SAO  ", 1.1, -7.8, 0, 1019, 1, 135, 0
1950-12-15 19:00:00, "SAO  ", 3.3, -6.7, 0.125, 1018.6, 1.5, 45, 0
1950-12-15 20:00:00, "SAO  ", 5, -6.1, 0.125, 1018.3, 4.1, 23, 0
1950-12-15 21:00:00, "SAO  ", 5, -6.1, 0.125, 1019, 2.6, 315, 0
1950-12-15 22:00:00, "SAO  ", 2.2, -6.1, 0.125, 1019.6, 1.5, 23, 0
1950-12-15 23:00:00, "SAO  ", 0, -6.7, 0.125, 1021, 1, 225, 0
1950-12-16 00:00:00, "SAO  ", -2.8, -8.3, 0, 1021.3, 0.5, 225, 0
1950-12-16 01:00:00, "SAO  ", -2.8, -8.3, 0, 1021.7, 1, 113, 0
1950-12-16 02:00:00, "SAO  ", -3.9, -8.3, 0, 1022.4, 1.5, 45, 0
1950-12-16 03:00:00, "SAO  ", -2.2, -7.8, 0, 1022, 1, 270, 0
1950-12-16 04:00:00, "SAO  ", -1.7, -6.1, 0, 1021.7, 1, 293, 0
1950-12-16 05:00:00, "SAO  ", -1.1, -6.1, 0.25, 1021, 0.5, 293, 0
1950-12-16 06:00:00, "SAO  ", 0, -5, 0.25, 1020.7, 3.1, 270, 0
1950-12-16 07:00:00, "SAO  ", 2.2, -3.9, 0.75, 1020, 3.1, 270, 0
1950-12-16 08:00:00, "SAO  ", 1.7, -3.3, 1, 1020, 1.5, 293, 0
1950-12-16 09:00:00, "SAO  ", 1.7, -3.9, 1, 1020.7, 1.5, 315, 0
1950-12-16 10:00:00, "SAO  ", 2.2, -3.3, 0.75, 1021.3, 0.5, 180, 0
1950-12-16 11:00:00, "SAO  ", 1.7, -2.8, 0.625, 1021.7, 0, 0, 0
1950-12-16 12:00:00, "SAO  ", 1.7, -2.8, 0.25, 1022, 4.6, 315, 0
1950-12-16 13:00:00, "SAO  ", 0.6, -3.9, 0, 1022.7, 5.2, 338, 0
1950-12-16 14:00:00, "SAO  ", 0, -3.9, 0, 1023.7, 4.6, 338, 0
1950-12-16 15:00:00, "SAO  ", 2.2, -3.3, 0, 1024.7, 3.6, 360, 0
1950-12-16 16:00:00, "SAO  ", 6.1, -1.7, 0, 1024, 4.6, 315, 0
1950-12-16 17:00:00, "SAO  ", 8.9, -1.1, 0, 1023, 9.8, 338, 0
1950-12-16 18:00:00, "SAO  ", 10, -2.8, 0, 1022.7, 10.8, 338, 0
1950-12-16 19:00:00, "SAO  ", 10.6, -2.8, 0, 1022.4, 12.4, 338, 0
1950-12-16 20:00:00, "SAO  ", 10.6, -3.3, 0.125, 1022.4, 11.8, 315, 0
1950-12-16 21:00:00, "SAO  ", 10, -0.6, 0.625, 1022.4, 12.4, 315, 0
1950-12-16 22:00:00, "SAO  ", 9.4, -3.3, 0.625, 1022.4, 8.8, 315, 0
1950-12-16 23:00:00, "SAO  ", 5.6, -4.4, 0.5, 1023.7, 4.6, 338, 0
1950-12-17 00:00:00, "SAO  ", 0.6, -5.6, 0.25, 1025.1, 3.1, 45, 0
1950-12-17 01:00:00, "SAO  ", -2.8, -6.7, 0, 1026.1, 2.1, 113, 0
1950-12-17 02:00:00, "SAO  ", -3.3, -7.2, 0, 1026.1, 1, 360, 0
1950-12-17 03:00:00, "SAO  ", -2.8, -6.1, 0, 1026.1, 1.5, 270, 0
1950-12-17 04:00:00, "SAO  ", 0, -4.4, 0, 1025.1, 3.1, 338, 0
1950-12-17 05:00:00, "SAO  ", -0.6, -5, 0, 1024.4, 4.1, 315, 0
1950-12-17 06:00:00, "SAO  ", -2.2, -5, 0, 1024.7, 2.1, 270, 0
1950-12-17 07:00:00, "SAO  ", -1.1, -4.4, 0, 1024.7, 1, 315, 0
1950-12-17 08:00:00, "SAO  ", -3.3, -5.6, 0, 1025.1, 1.5, 270, 0
1950-12-17 09:00:00, "SAO  ", -3.3, -5.6, 0, 1025.4, 1, 270, 0
1950-12-17 10:00:00, "SAO  ", -4.4, -6.1, 0, 1025.7, 1, 315, 0
1950-12-17 11:00:00, "SAO  ", -3.9, -6.7, 0, 1026.4, 1.5, 315, 0
1950-12-17 12:00:00, "SAO  ", -4.4, -7.2, 0, 1027.1, 3.6, 225, 0
1950-12-17 13:00:00, "SAO  ", -5, -7.2, 0.25, 1028.1, 1, 248, 0
1950-12-17 14:00:00, "SAO  ", -4.4, -6.1, 0.75, 1028.1, 1.5, 293, 0
1950-12-17 15:00:00, "SAO  ", -2.2, -3.9, 0.875, 1027.4, 1.5, 248, 0
1950-12-17 16:00:00, "SAO  ", -0.6, -3.9, 0.75, 1027.1, 1.5, 113, 0
1950-12-17 17:00:00, "SAO  ", 1.1, -3.3, 0.625, 1026.4, 1.5, 90, 0
1950-12-17 18:00:00, "SAO  ", 3.3, -3.9, 0.875, 1026.4, 1.5, 158, 0
1950-12-17 19:00:00, "SAO  ", 4.4, -1.7, 0.875, 1024.7, 1.5, 135, 0
1950-12-17 20:00:00, "SAO  ", 5, -2.2, 1, 1024.7, 3.1, 113, 0
1950-12-17 21:00:00, "SAO  ", 5.6, -2.2, 1, 1024.4, 1.5, 158, 0
1950-12-17 22:00:00, "SAO  ", 4.4, -1.7, 1, 1025.1, 2.1, 135, 0
1950-12-17 23:00:00, "SAO  ", 2.2, -1.1, 1, 1025.4, 2.6, 113, 0
1950-12-18 00:00:00, "SAO  ", 2.2, -2.8, 1, 1025.4, 1, 90, 0
1950-12-18 01:00:00, "SAO  ", 1.7, -2.8, 1, 1025.4, 1.5, 135, 0
1950-12-18 02:00:00, "SAO  ", 1.1, -3.3, 1, 1025.4, 1, 113, 0
1950-12-18 03:00:00, "SAO  ", 1.1, -3.3, 1, 1024.4, 2.1, 113, 0
1950-12-18 04:00:00, "SAO  ", 0, -3.3, 1, 1024, 2.1, 113, 0
1950-12-18 05:00:00, "SAO  ", 1.1, -3.3, 1, 1024, 1, 45, 0
1950-12-18 06:00:00, "SAO  ", 0, -3.3, 1, 1024, 1.5, 315, 0
1950-12-18 07:00:00, "SAO  ", 2.2, -2.8, 1, 1023.4, 2.6, 315, 0
1950-12-18 08:00:00, "SAO  ", -0.6, -3.9, 0.625, 1023.4, 1, 248, 0
1950-12-18 09:00:00, "SAO  ", -1.1, -4.4, 0.125, 1023.7, 1, 315, 0
1950-12-18 10:00:00, "SAO  ", -0.6, -2.8, 0.25, 1023.7, 1.5, 225, 0
1950-12-18 11:00:00, "SAO  ", -1.1, -4.4, 0.625, 1023.7, 1.5, 45, 0
1950-12-18 12:00:00, "SAO  ", -0.6, -3.9, 0.375, 1023.7, 1.5, 360, 0
1950-12-18 13:00:00, "SAO  ", 2.2, -2.8, 0.375, 1024, 2.1, 315, 0
1950-12-18 14:00:00, "SAO  ", 1.1, -3.3, 0.5, 1024.7, 1.5, 315, 0
1950-12-18 15:00:00, "SAO  ", 0, -3.9, 0.5, 1025.7, 1.5, 248, 0
1950-12-18 16:00:00, "SAO  ", 5.6, -1.7, 0.375, 1025.1, 1.5, 248, 0
1950-12-18 17:00:00, "SAO  ", 8.3, -3.9, 0.375, 1024.4, 6.7, 315, 0
1950-12-18 18:00:00, "SAO  ", 8.3, -5, 0.25, 1024.4, 8.8, 338, 0
1950-12-18 19:00:00, "SAO  ", 8.9, -5.6, 0.75, 1022.7, 7.7, 360, 0
1950-12-18 20:00:00, "SAO  ", 8.9, -7.2, 0.75, 1021.7, 8.2, 360, 0
1950-12-18 21:00:00, "SAO  ", 8.3, -6.7, 1, 1022, 8.8, 360, 0
1950-12-18 22:00:00, "SAO  ", 5.6, -5, 1, 1022.7, 6.7, 360, 0
1950-12-18 23:00:00, "SAO  ", 3.9, -6.1, 0.75, 1024, 5.7, 338, 0
1950-12-19 00:00:00, "SAO  ", 1.7, -5, 0.25, 1024.4, 5.7, 338, 0
1950-12-19 01:00:00, "SAO  ", 1.1, -5, 0, 1024, 7.2, 360, 0
1950-12-19 02:00:00, "SAO  ", 0, -5, 0.75, 1025.1, 5.2, 338, 0
1950-12-19 03:00:00, "SAO  ", -2.2, -6.7, 1, 1026.1, 6.7, 360, 0
1950-12-19 04:00:00, "SAO  ", -3.9, -7.2, 1, 1025.7, 4.6, 360, 0
1950-12-19 05:00:00, "SAO  ", -5, -7.8, 0.875, 1026.4, 3.6, 360, 0
1950-12-19 06:00:00, "SAO  ", -5.6, -8.9, 1, 1027.1, 2.6, 23, 0
1950-12-19 07:00:00, "SAO  ", -6.1, -8.3, 1, 1025.4, 4.6, 23, 0
1950-12-19 08:00:00, "SAO  ", -6.1, -7.8, 1, 1026.1, 1.5, 360, 0
1950-12-19 09:00:00, "SAO  ", -6.1, -7.2, 1, 1026.1, 1, 90, 0
1950-12-19 10:00:00, "SAO  ", -6.1, -7.2, 1, 1026.4, 1.5, 180, 0
1950-12-19 11:00:00, "SAO  ", -6.1, -7.2, 1, 1026.1, 1.5, 135, 0
1950-12-19 12:00:00, "SAO  ", -6.1, -7.8, 1, 1026.4, 1.5, 180, 0
1950-12-19 13:00:00, "SAO  ", -6.7, -7.2, 1, 1026.8, 1.5, 180, 0
1950-12-19 14:00:00, "SAO  ", -6.7, -7.8, 1, 1026.8, 4.1, 158, 0
1950-12-19 15:00:00, "SAO  ", -6.7, -7.2, 1, 1027.1, 3.1, 180, 0
1950-12-19 16:00:00, "SAO  ", -6.1, -7.2, 1, 1027.4, 3.6, 158, 0
1950-12-19 17:00:00, "SAO  ", -5, -6.7, 1, 1027.4, 4.6, 180, 0
1950-12-19 18:00:00, "SAO  ", -2.2, -6.1, 0.75, 1025.7, 4.6, 158, 0
1950-12-19 19:00:00, "SAO  ", 0.6, -6.1, 0.75, 1023.4, 6.2, 180, 0
1950-12-19 20:00:00, "SAO  ", 2.2, -5.6, 0.75, 1022.7, 6.7, 158, 0
1950-12-19 21:00:00, "SAO  ", 1.7, -5.6, 0.75, 1022, 6.7, 158, 0
1950-12-19 22:00:00, "SAO  ", 1.1, -6.7, 1, 1022, 5.2, 113, 0
1950-12-19 23:00:00, "SAO  ", 0, -6.7, 1, 1022.4, 5.2, 113, 0
1950-12-20 00:00:00, "SAO  ", -1.7, -7.2, 1, 1023.4, 5.7, 113, 0
1950-12-20 01:00:00, "SAO  ", -2.2, -7.8, 1, 1022, 4.6, 135, 0
1950-12-20 02:00:00, "SAO  ", -2.8, -8.3, 1, 1021.3, 2.1, 158, 0
1950-12-20 03:00:00, "SAO  ", -2.8, -8.3, 1, 1021, 2.6, 158, 0
1950-12-20 04:00:00, "SAO  ", -2.8, -7.8, 1, 1020.7, 1.5, 135, 0
1950-12-20 05:00:00, "SAO  ", -2.8, -7.8, 1, 1020.7, 1.5, 113, 0
1950-12-20 06:00:00, "SAO  ", -2.8, -8.3, 1, 1020, 1.5, 360, 0
1950-12-20 07:00:00, "SAO  ", -2.2, -6.1, 1, 1019.3, 1, 270, 0
1950-12-20 08:00:00, "SAO  ", -2.8, -6.7, 1, 1019.6, 1, 293, 0
1950-12-20 09:00:00, "SAO  ", 0, -6.1, 1, 1019, 1.5, 315, 0
1950-12-20 10:00:00, "SAO  ", -1.7, -6.1, 0.75, 1019.3, 1.5, 225, 0
1950-12-20 11:00:00, "SAO  ", -1.1, -5, 1, 1019.6, 1.5, 90, 0
1950-12-20 12:00:00, "SAO  ", 0, -3.9, 1, 1021, 1.5, 45, 0
1950-12-20 13:00:00, "SAO  ", 0, -3.3, 0.75, 1022, 1.5, 225, 0
1950-12-20 14:00:00, "SAO  ", 0, -3.3, 1, 1022.4, 1.5, 225, 0
1950-12-20 15:00:00, "SAO  ", 0, -3.3, 0.875, 1023, 1, 45, 0
1950-12-20 16:00:00, "SAO  ", 4.4, -0.6, 0.75, 1022.4, 1.5, 90, 0
1950-12-20 17:00:00, "SAO  ", 4.4, -1.1, 1, 1023.4, 1.5, 90, 0
1950-12-20 18:00:00, "SAO  ", 6.7, 0.6, 0.875, 1022.7, 1, 113, 0
1950-12-20 19:00:00, "SAO  ", 11.1, 2.2, 0.5, 1021.7, 1.5, 270, 0
1950-12-20 20:00:00, "SAO  ", 11.1, 2.2, 1, 1021.7, 1.5, 23, 0
1950-12-20 21:00:00, "SAO  ", 11.1, 1.1, 0.875, 1021.3, 7.2, 338, 0
1950-12-20 22:00:00, "SAO  ", 10, 0, 1, 1022.4, 6.2, 338, 0
1950-12-20 23:00:00, "SAO  ", 8.3, -0.6, 1, 1023, 5.2, 360, 0
1950-12-21 00:00:00, "SAO  ", 6.7, -2.2, 1, 1023.4, 1.5, 338, 0
1950-12-21 01:00:00, "SAO  ", 5, -1.1, 0.75, 1023.7, 1.5, 248, 0
1950-12-21 02:00:00, "SAO  ", 3.9, -3.3, 1, 1023.7, 3.6, 293, 0
1950-12-21 03:00:00, "SAO  ", 1.7, -2.2, 1, 1024, 1.5, 315, 0
1950-12-21 04:00:00, "SAO  ", 2.8, -2.2, 1, 1022.4, 1, 293, 0
1950-12-21 05:00:00, "SAO  ", 2.2, -2.2, 1, 1022.4, 2.1, 293, 0
1950-12-21 06:00:00, "SAO  ", 2.2, -2.8, 1, 1021.7, 2.1, 293, 0
1950-12-21 07:00:00, "SAO  ", 1.7, -2.8, 1, 1020.7, 1.5, 315, 0
1950-12-21 08:00:00, "SAO  ", 2.2, -3.3, 1, 1020.3, 1.5, 293, 0
1950-12-21 09:00:00, "SAO  ", 1.7, -3.9, 1, 1020, 1.5, 293, 0
1950-12-21 10:00:00, "SAO  ", 1.7, -3.9, 1, 1020.3, 1.5, 270, 0
1950-12-21 11:00:00, "SAO  ", 1.7, -4.4, 0.75, 1020, 1.5, 248, 0
1950-12-21 12:00:00, "SAO  ", 1.7, -4.4, 0.75, 1020.3, 2.1, 315, 0
1950-12-21 13:00:00, "SAO  ", 1.7, -3.9, 0.75, 1021, 1.5, 315, 0
1950-12-21 14:00:00, "SAO  ", 2.8, -3.9, 0.875, 1021.3, 4.1, 293, 0
1950-12-21 15:00:00, "SAO  ", 4.4, 1.1, 0.875, 1022, 2.6, 315, 0
1950-12-21 16:00:00, "SAO  ", 6.1, -3.3, 0.375, 1022.7, 1.5, 270, 0
1950-12-21 17:00:00, "SAO  ", 11.1, -1.7, 0.125, 1022.4, 2.1, 293, 0
1950-12-21 18:00:00, "SAO  ", 13.3, -2.2, 0.125, 1022, 8.8, 315, 0
1950-12-21 19:00:00, "SAO  ", 12.8, -1.7, 0.625, 1021.3, 9.3, 338, 0
1950-12-21 20:00:00, "SAO  ", 13.9, -2.2, 0.375, 1021.3, 7.2, 315, 0
1950-12-21 21:00:00, "SAO  ", 13.9, -2.2, 0, 1020.7, 5.7, 338, 0
1950-12-21 22:00:00, "SAO  ", 11.1, -1.7, 0, 1021.3, 7.7, 360, 0
1950-12-21 23:00:00, "SAO  ", 6.7, -2.8, 0, 1022, 5.7, 360, 0
1950-12-22 00:00:00, "SAO  ", 5.6, -2.8, 0, 1022.4, 2.1, 225, 0
1950-12-22 01:00:00, "SAO  ", 2.2, -3.3, 0, 1022.7, 1.5, 293, 0
1950-12-22 02:00:00, "SAO  ", 3.3, -3.3, 0, 1022.7, 2.6, 203, 0
1950-12-22 03:00:00, "SAO  ", 2.8, -2.8, 0, 1021.3, 0, 0, 0
1950-12-22 04:00:00, "SAO  ", 0, -5, 0, 1021, 1, 293, 0
1950-12-22 05:00:00, "SAO  ", -0.6, -4.4, 0, 1020.3, 1, 90, 0
1950-12-22 06:00:00, "SAO  ", 1.1, -4.4, 0, 1020, 1, 315, 0
1950-12-22 07:00:00, "SAO  ", -1.7, -5.6, 0, 1019.3, 1, 270, 0
1950-12-22 08:00:00, "SAO  ", -3.9, -8.3, 0, 1018.3, 1, 68, 0
1950-12-22 09:00:00, "SAO  ", -4.4, -7.2, 0.125, 1018.3, 1, 68, 0
1950-12-22 10:00:00, "SAO  ", -4.4, -7.2, 0.125, 1017.6, 1.5, 315, 0
1950-12-22 11:00:00, "SAO  ", -5, -7.8, 0.25, 1017.6, 1.5, 45, 0
1950-12-22 12:00:00, "SAO  ", -4.4, -8.3, 0.25, 1018, 1.5, 225, 0
1950-12-22 13:00:00, "SAO  ", -2.8, -10, 0, 1016.9, 2.6, 270, 0
1950-12-22 14:00:00, "SAO  ", -0.6, -11.7, 0.5, 1016.3, 3.6, 270, 0
1950-12-22 15:00:00, "SAO  ", 3.3, -8.9, 0.875, 1015.9, 3.1, 270, 0
1950-12-22 16:00:00, "SAO  ", 3.9, -6.1, 1, 1017.6, 3.6, 338, 0
1950-12-22 17:00:00, "SAO  ", 8.9, -6.7, 1, 1018, 3.6, 338, 0
1950-12-22 18:00:00, "SAO  ", 11.7, -6.1, 1, 1017.6, 8.8, 360, 0
1950-12-22 19:00:00, "SAO  ", 13.9, -3.3, 1, 1017.3, 11.8, 315, 0
1950-12-22 20:00:00, "SAO  ", 13.9, -5, 1, 1018.3, 11.8, 315, 0
1950-12-22 21:00:00, "SAO  ", 13.9, -5.6, 1, 1019, 7.7, 315, 0
1950-12-22 22:00:00, "SAO  ", 10.6, -4.4, 1, 1019.6, 4.6, 315, 0
1950-12-22 23:00:00, "SAO  ", 7.2, -7.2, 1, 1020.7, 2.1, 23, 0
1950-12-23 00:00:00, "SAO  ", 4.4, -6.7, 1, 1021, 1.5, 293, 0
1950-12-23 01:00:00, "SAO  ", 5, -7.8, 1, 1020.7, 1, 293, 0
1950-12-23 02:00:00, "SAO  ", 4.4, -7.8, 1, 1020.3, 1.5, 248, 0
1950-12-23 03:00:00, "SAO  ", 3.3, -7.8, 0.25, 1020, 1.5, 293, 0
1950-12-23 04:00:00, "SAO  ", 3.3, -7.2, 0.625, 1019.3, 2.1, 293, 0
1950-12-23 05:00:00, "SAO  ", 5, -7.8, 0.75, 1018.3, 1.5, 270, 0
1950-12-23 06:00:00, "SAO  ", 3.9, -6.7, 1, 1017.6, 2.6, 180, 0
1950-12-23 07:00:00, "SAO  ", 4.4, -6.1, 1, 1016.6, 2.6, 203, 0
1950-12-23 08:00:00, "SAO  ", 1.7, -6.7, 1, 1015.9, 1.5, 90, 0
1950-12-23 09:00:00, "SAO  ", 2.2, -7.8, 0.75, 1015.9, 1, 90, 0
1950-12-23 10:00:00, "SAO  ", 2.8, -6.7, 0.875, 1016.3, 1, 270, 0
1950-12-23 11:00:00, "SAO  ", 4.4, -7.2, 1, 1016.6, 4.1, 293, 0
1950-12-23 12:00:00, "SAO  ", 4.4, -8.3, 1, 1017.3, 2.1, 293, 0
1950-12-23 13:00:00, "SAO  ", 3.9, -7.2, 0.625, 1017.6, 1, 338, 0
1950-12-23 14:00:00, "SAO  ", 2.8, -7.8, 0.75, 1018, 1, 360, 0
1950-12-23 15:00:00, "SAO  ", 4.4, -5, 0.875, 1019, 1, 225, 0
1950-12-23 16:00:00, "SAO  ", 9.4, -2.2, 0.875, 1019, 3.1, 270, 0
1950-12-23 17:00:00, "SAO  ", 14.4, -2.2, 0.875, 1019.3, 6.7, 315, 0
1950-12-23 18:00:00, "SAO  ", 15.6, -2.8, 1, 1018, 8.2, 315, 0
1950-12-23 19:00:00, "SAO  ", 15.6, -2.8, 1, 1018.3, 10.8, 315, 0
1950-12-23 20:00:00, "SAO  ", 15, -3.3, 1, 1018.6, 9.3, 315, 0
1950-12-23 21:00:00, "SAO  ", 14.4, -2.8, 0.625, 1019, 8.8, 315, 0
1950-12-23 22:00:00, "SAO  ", 12.8, -1.7, 0.25, 1020, 7.7, 315, 0
1950-12-23 23:00:00, "SAO  ", 7.2, -1.7, 0.25, 1022, 5.2, 360, 0
1950-12-24 00:00:00, "SAO  ", 5, -2.2, 0.25, 1022.7, 3.1, 338, 0
1950-12-24 01:00:00, "SAO  ", 5, -1.7, 0, 1023, 4.6, 338, 0
1950-12-24 02:00:00, "SAO  ", 3.3, -1.1, 0, 1023.7, 3.6, 315, 0
1950-12-24 03:00:00, "SAO  ", 5, -2.2, 0, 1023.7, 4.6, 315, 0
1950-12-24 04:00:00, "SAO  ", 2.8, -2.2, 0.25, 1023.4, 1.5, 293, 0
1950-12-24 05:00:00, "SAO  ", 2.8, -1.7, 0.75, 1022.7, 1.5, 270, 0
1950-12-24 06:00:00, "SAO  ", 2.8, -2.2, 0.625, 1022.7, 1.5, 293, 0
1950-12-24 07:00:00, "SAO  ", 2.8, -1.1, 1, 1021.7, 1, 270, 0
1950-12-24 08:00:00, "SAO  ", 1.7, -1.1, 1, 1022, 1.5, 68, 0
1950-12-24 09:00:00, "SAO  ", 3.9, -1.1, 1, 1022, 2.6, 68, 0
1950-12-24 10:00:00, "SAO  ", 1.7, -2.2, 1, 1022.4, 2.1, 90, 0
1950-12-24 11:00:00, "SAO  ", 1.1, -1.7, 1, 1023.4, 1, 45, 0
1950-12-24 12:00:00, "SAO  ", 0.6, -2.2, 1, 1024, 1, 360, 0
1950-12-24 13:00:00, "SAO  ", 0, -3.3, 1, 1024, 1, 90, 0
1950-12-24 14:00:00, "SAO  ", 0, -4.4, 1, 1024.4, 1, 90, 0
1950-12-24 15:00:00, "SAO  ", 0.6, -3.9, 1, 1024, 1.5, 135, 0
1950-12-24 16:00:00, "SAO  ", 1.1, -4.4, 1, 1024.4, 2.6, 158, 0
1950-12-24 17:00:00, "SAO  ", 1.7, -4.4, 1, 1023.7, 2.1, 158, 0
1950-12-24 18:00:00, "SAO  ", 4.4, -3.9, 1, 1021.7, 4.1, 158, 0
1950-12-24 19:00:00, "SAO  ", 5, -2.8, 1, 1020, 3.1, 135, 0
1950-12-24 20:00:00, "SAO  ", 6.7, -3.3, 1, 1017.6, 3.1, 180, 0
1950-12-24 21:00:00, "SAO  ", 8.3, -2.2, 1, 1016.9, 3.1, 180, 0
1950-12-24 22:00:00, "SAO  ", 7.2, -1.7, 1, 1016.6, 3.6, 158, 0
1950-12-24 23:00:00, "SAO  ", 3.9, -2.8, 1, 1016.3, 2.1, 113, 0
1950-12-25 00:00:00, "SAO  ", 2.2, -3.3, 1, 1015.9, 3.1, 113, 0
1950-12-25 01:00:00, "SAO  ", 1.1, -3.3, 1, 1014.6, 1.5, 113, 0
1950-12-25 02:00:00, "SAO  ", 1.1, -3.9, 1, 1013.5, 3.1, 113, 0
1950-12-25 03:00:00, "SAO  ", -0.6, -4.4, 0.75, 1011.9, 1.5, 68, 0
1950-12-25 04:00:00, "SAO  ", -1.1, -5, 0.875, 1011.2, 1.5, 68, 0
1950-12-25 05:00:00, "SAO  ", -0.6, -3.9, 0.75, 1010.5, 1.5, 225, 0
1950-12-25 06:00:00, "SAO  ", 0, -3.9, 0.875, 1009.5, 1.5, 293, 0
1950-12-25 07:00:00, "SAO  ", 2.8, -2.8, 0.875, 1007.8, 1.5, 293, 0
1950-12-25 08:00:00, "SAO  ", 6.7, -3.9, 0.75, 1006.4, 1, 293, 0
1950-12-25 09:00:00, "SAO  ", 5.6, -5, 1, 1005.8, 1, 315, 0
1950-12-25 10:00:00, "SAO  ", 5.6, -4.4, 1, 1005.4, 2.1, 315, 0
1950-12-25 11:00:00, "SAO  ", 5.6, -4.4, 1, 1005.1, 1, 315, 0
1950-12-25 12:00:00, "SAO  ", 4.4, -5.6, 1, 1005.1, 1, 248, 0
1950-12-25 13:00:00, "SAO  ", 3.3, -5.6, 1, 1005.4, 1.5, 315, 0
1950-12-25 14:00:00, "SAO  ", 3.9, -5.6, 1, 1005.1, 1.5, 68, 0
1950-12-25 15:00:00, "SAO  ", 7.2, -6.1, 1, 1004.1, 1, 270, 0
1950-12-25 16:00:00, "SAO  ", 12.8, -1.1, 0.75, 1004.7, 13.9, 315, 0
1950-12-25 17:00:00, "SAO  ", 13.3, 0.6, 0.75, 1004.7, 10.3, 315, 0
1950-12-25 18:00:00, "SAO  ", 12.8, 6.7, 0.75, 1005.1, 11.8, 293, 0
1950-12-25 19:00:00, "SAO  ", 12.2, 3.9, 0.75, 1005.1, 16.5, 315, 0
1950-12-25 20:00:00, "SAO  ", 6.7, 0.6, 0.25, 1008.8, 19.6, 315, 0
1950-12-25 21:00:00, "SAO  ", 5, -0.6, 0.25, 1010.2, 16.5, 315, 0
1950-12-25 22:00:00, "SAO  ", 2.2, -2.2, 0.375, 1012.2, 18, 315, 0
1950-12-25 23:00:00, "SAO  ", 0, -5, 0.375, 1014.9, 16.5, 338, 0
1950-12-26 00:00:00, "SAO  ", -0.6, -5, 1, 1016.9, 17, 338, 0
1950-12-26 01:00:00, "SAO  ", -2.8, -5, 1, 1018.6, 15.5, 315, 0
1950-12-26 02:00:00, "SAO  ", -3.3, -5.6, 1, 1019.6, 12.4, 338, 0
1950-12-26 03:00:00, "SAO  ", -3.3, -6.1, 1, 1020.3, 8.8, 23, 0
1950-12-26 04:00:00, "SAO  ", -3.9, -6.1, 1, 1020.3, 7.2, 23, 0
1950-12-26 05:00:00, "SAO  ", -10, -12.2, 1, 1022, 11.3, 45, 0
1950-12-26 06:00:00, "SAO  ", -10, -12.8, 1, 1023, 3.6, 68, 0
1950-12-26 07:00:00, "SAO  ", -12.2, -15, 1, 1025.7, 5.2, 45, 0
1950-12-26 08:00:00, "SAO  ", -13.3, -15.6, 1, 1027.4, 5.2, 45, 0
1950-12-26 09:00:00, "SAO  ", -14.4, -16.7, 1, 1028.1, 5.2, 45, 0
1950-12-26 10:00:00, "SAO  ", -15, -17.2, 0.75, 1030.1, 5.2, 45, 0
1950-12-26 11:00:00, "SAO  ", -15.6, -18.3, 0.875, 1030.8, 4.6, 45, 0
1950-12-26 12:00:00, "SAO  ", -16.1, -18.9, 1, 1031.5, 3.6, 68, 0
1950-12-26 13:00:00, "SAO  ", -15.6, -18.9, 1, 1032.5, 1.5, 113, 0
1950-12-26 14:00:00, "SAO  ", -15.6, -18.9, 1, 1033.2, 2.1, 90, 0
1950-12-26 15:00:00, "SAO  ", -15, -17.8, 1, 1032.5, 2.6, 135, 0
1950-12-26 16:00:00, "SAO  ", -14.4, -16.7, 1, 1032.9, 3.6, 135, 0
1950-12-26 17:00:00, "SAO  ", -12.8, -16.1, 1, 1033.5, 4.6, 158, 0
1950-12-26 18:00:00, "SAO  ", -11.1, -15, 0.75, 1032.9, 5.2, 158, 0
1950-12-26 19:00:00, "SAO  ", -9.4, -13.9, 0.75, 1031.2, 5.2, 158, 0
1950-12-26 20:00:00, "SAO  ", -8.3, -13.9, 1, 1030.1, 4.1, 158, 0
1950-12-26 21:00:00, "SAO  ", -8.3, -14.4, 0.625, 1029.8, 5.2, 180, 0
1950-12-26 22:00:00, "SAO  ", -7.8, -16.7, 0, 1029.5, 5.7, 158, 0
1950-12-26 23:00:00, "SAO  ", -9.4, -14.4, 0, 1029.5, 4.1, 158, 0
1950-12-27 00:00:00, "SAO  ", -11.1, -15, 0, 1029.5, 4.1, 135, 0
1950-12-27 01:00:00, "SAO  ", -12.2, -15, 0, 1028.4, 3.6, 135, 0
1950-12-27 02:00:00, "SAO  ", -13.3, -15.6, 0, 1028.4, 1.5, 158, 0
1950-12-27 03:00:00, "SAO  ", -12.8, -16.1, 0, 1027.1, 1.5, 158, 0
1950-12-27 04:00:00, "SAO  ", -13.9, -17.2, 0, 1027.1, 1.5, 135, 0
1950-12-27 05:00:00, "SAO  ", -12.8, -15.6, 0, 1026.1, 1, 135, 0
1950-12-27 06:00:00, "SAO  ", -12.8, -15.6, 0, 1025.1, 0, 0, 0
1950-12-27 07:00:00, "SAO  ", -13.9, -16.1, 0, 1023.4, 1.5, 225, 0
1950-12-27 08:00:00, "SAO  ", -12.2, -15, 0, 1022.7, 1.5, 315, 0
1950-12-27 09:00:00, "SAO  ", -11.7, -13.9, 0, 1022.4, 1.5, 315, 0
1950-12-27 10:00:00, "SAO  ", -13.9, -17.2, 0, 1021, 1.5, 90, 0
1950-12-27 11:00:00, "SAO  ", -13.3, -16.7, 0, 1020.3, 1.5, 248, 0
1950-12-27 12:00:00, "SAO  ", -13.9, -17.2, 0, 1020, 1.5, 90, 0
1950-12-27 13:00:00, "SAO  ", -14.4, -17.2, 0, 1019.3, 1, 135, 0
1950-12-27 14:00:00, "SAO  ", -13.3, -16.7, 0.375, 1019, 1.5, 45, 0
1950-12-27 15:00:00, "SAO  ", -11.1, -14.4, 0.75, 1018.6, 1, 23, 0
1950-12-27 16:00:00, "SAO  ", -6.7, -10, 1, 1017.6, 1, 23, 0
1950-12-27 17:00:00, "SAO  ", -1.1, -6.7, 0.25, 1016.3, 1, 248, 0
1950-12-27 18:00:00, "SAO  ", 2.2, -7.2, 0.125, 1014.6, 2.1, 135, 0
1950-12-27 19:00:00, "SAO  ", 6.1, -7.8, 0, 1012.9, 1, 135, 0
1950-12-27 20:00:00, "SAO  ", 7.8, -7.8, 0, 1011.5, 1, 135, 0
1950-12-27 21:00:00, "SAO  ", 8.9, -2.8, 0, 1011.5, 1.5, 135, 0
1950-12-27 22:00:00, "SAO  ", 6.1, -5.6, 0, 1012.9, 2.6, 360, 0
1950-12-27 23:00:00, "SAO  ", 2.8, -3.9, 0, 1013.5, 2.6, 315, 0
1950-12-28 00:00:00, "SAO  ", 0.6, -7.2, 0, 1013.9, 1.5, 248, 0
1950-12-28 01:00:00, "SAO  ", -0.6, -10.6, 0, 1014.2, 1.5, 315, 0
1950-12-28 02:00:00, "SAO  ", -1.1, -10.6, 0, 1014.2, 1.5, 270, 0
1950-12-28 03:00:00, "SAO  ", -2.2, -9.4, 0.25, 1013.9, 1, 225, 0
1950-12-28 04:00:00, "SAO  ", -2.2, -7.2, 0.625, 1012.9, 1, 270, 0
1950-12-28 05:00:00, "SAO  ", 1.1, -8.9, 0.75, 1011.2, 5.7, 293, 0
1950-12-28 06:00:00, "SAO  ", 0.6, -6.1, 0.375, 1011.2, 4.1, 270, 0
1950-12-28 07:00:00, "SAO  ", 0, -2.8, 0.25, 1010.8, 4.1, 315, 0
1950-12-28 08:00:00, "SAO  ", -1.1, -4.4, 0.375, 1011.2, 1.5, 315, 0
1950-12-28 09:00:00, "SAO  ", 1.1, -2.2, 0.375, 1011.2, 8.2, 315, 0
1950-12-28 10:00:00, "SAO  ", 2.2, -6.7, 0, 1011.5, 8.8, 293, 0
1950-12-28 11:00:00, "SAO  ", 1.7, -6.1, 0.75, 1012.2, 5.7, 293, 0
1950-12-28 12:00:00, "SAO  ", 1.1, -6.7, 0.25, 1012.5, 6.7, 315, 0
1950-12-28 13:00:00, "SAO  ", -1.1, -6.7, 0.75, 1013.2, 3.6, 315, 0
1950-12-28 14:00:00, "SAO  ", -1.1, -6.7, 0.875, 1013.2, 1, 135, 0
1950-12-28 15:00:00, "SAO  ", -1.7, -5.6, 1, 1014.2, 1, 68, 0
1950-12-28 16:00:00, "SAO  ", 0.6, -4.4, 1, 1014.2, 1, 248, 0
1950-12-28 17:00:00, "SAO  ", 4.4, -5.6, 1, 1012.9, 5.7, 315, 0
1950-12-28 18:00:00, "SAO  ", 7.2, -6.1, 0.75, 1011.9, 8.8, 315, 0
1950-12-28 19:00:00, "SAO  ", 6.1, -6.7, 0.75, 1010.8, 9.3, 360, 0
1950-12-28 20:00:00, "SAO  ", 6.1, -7.2, 0.625, 1010.8, 8.2, 360, 0
1950-12-28 21:00:00, "SAO  ", 5, -7.2, 0.625, 1010.8, 7.7, 360, 0
1950-12-28 22:00:00, "SAO  ", 2.8, -6.1, 0.875, 1011.2, 4.6, 360, 0
1950-12-28 23:00:00, "SAO  ", 1.7, -5.6, 1, 1011.5, 5.2, 360, 0
1950-12-29 00:00:00, "SAO  ", 1.1, -5.6, 1, 1011.9, 5.2, 360, 0
1950-12-29 01:00:00, "SAO  ", 0.6, -5.6, 1, 1012.5, 3.1, 248, 0
1950-12-29 02:00:00, "SAO  ", 0.6, -5.6, 1, 1012.9, 1.5, 270, 0
1950-12-29 03:00:00, "SAO  ", -0.6, -5, 1, 1013.2, 1.5, 23, 0
1950-12-29 04:00:00, "SAO  ", 0, -5, 1, 1013.2, 1.5, 338, 0
1950-12-29 05:00:00, "SAO  ", -0.6, -5.6, 1, 1013.2, 1.5, 248, 0
1950-12-29 06:00:00, "SAO  ", -0.6, -3.3, 1, 1012.9, 1.5, 225, 0
1950-12-29 07:00:00, "SAO  ", 0, -2.8, 1, 1013.2, 1.5, 225, 0
1950-12-29 08:00:00, "SAO  ", -0.6, -2.8, 1, 1013.2, 1.5, 270, 0
1950-12-29 09:00:00, "SAO  ", -1.7, -5, 1, 1014.2, 2.1, 293, 0
1950-12-29 10:00:00, "SAO  ", -0.6, -5.6, 1, 1014.6, 1.5, 293, 0
1950-12-29 11:00:00, "SAO  ", -2.2, -5, 1, 1014.9, 1, 225, 0
1950-12-29 12:00:00, "SAO  ", -2.8, -5.6, 1, 1015.6, 1, 270, 0
1950-12-29 13:00:00, "SAO  ", -2.2, -5, 0.875, 1016.6, 1, 270, 0
1950-12-29 14:00:00, "SAO  ", -3.3, -5.6, 0.75, 1018, 3.1, 315, 0
1950-12-29 15:00:00, "SAO  ", -2.2, -4.4, 0.75, 1018.3, 1.5, 315, 0
1950-12-29 16:00:00, "SAO  ", 1.1, -2.8, 0.875, 1018.3, 4.1, 315, 0
1950-12-29 17:00:00, "SAO  ", 3.3, -3.9, 1, 1018.3, 7.2, 315, 0
1950-12-29 18:00:00, "SAO  ", 2.8, -2.8, 0.875, 1017.6, 8.8, 338, 0
1950-12-29 19:00:00, "SAO  ", 3.3, -3.3, 0.875, 1017.6, 6.7, 338, 0
1950-12-29 20:00:00, "SAO  ", 3.3, -3.9, 1, 1017.6, 8.8, 315, 0
1950-12-29 21:00:00, "SAO  ", 3.3, -3.9, 1, 1018.3, 6.2, 315, 0
1950-12-29 22:00:00, "SAO  ", 2.8, -5, 1, 1019, 8.8, 315, 0
1950-12-29 23:00:00, "SAO  ", 1.1, -5.6, 1, 1019.3, 4.6, 315, 0
1950-12-30 00:00:00, "SAO  ", 0, -6.1, 1, 1020, 3.6, 338, 0
1950-12-30 01:00:00, "SAO  ", -3.3, -8.3, 0.25, 1020.3, 3.6, 315, 0
1950-12-30 02:00:00, "SAO  ", -2.8, -8.3, 0.75, 1020.3, 1, 293, 0
1950-12-30 03:00:00, "SAO  ", -3.3, -7.8, 1, 1020.3, 1.5, 248, 0
1950-12-30 04:00:00, "SAO  ", -3.9, -8.9, 0.25, 1019, 1.5, 270, 0
1950-12-30 05:00:00, "SAO  ", -3.3, -9.4, 0.75, 1018.6, 3.1, 293, 0
1950-12-30 06:00:00, "SAO  ", -3.9, -10, 0.125, 1018.6, 1.5, 248, 0
1950-12-30 07:00:00, "SAO  ", -3.9, -10, 0.25, 1017.6, 1.5, 225, 0
1950-12-30 08:00:00, "SAO  ", -4.4, -10, 0, 1017.3, 1, 225, 0
1950-12-30 09:00:00, "SAO  ", -5, -9.4, 0.25, 1016.3, 1, 293, 0
1950-12-30 10:00:00, "SAO  ", -4.4, -8.9, 0.25, 1014.6, 1, 203, 0
1950-12-30 11:00:00, "SAO  ", -5, -9.4, 0, 1014.2, 1.5, 113, 0
1950-12-30 12:00:00, "SAO  ", -7.2, -10.6, 0.25, 1013.9, 1.5, 113, 0
1950-12-30 13:00:00, "SAO  ", -6.7, -9.4, 0.875, 1012.5, 1, 113, 0
1950-12-30 14:00:00, "SAO  ", -5.6, -8.9, 1, 1012.2, 1.5, 113, 0
1950-12-30 15:00:00, "SAO  ", -4.4, -7.2, 1, 1011.9, 1.5, 90, 0
1950-12-30 16:00:00, "SAO  ", -3.3, -7.2, 0.75, 1010.2, 2.6, 113, 0
1950-12-30 17:00:00, "SAO  ", -1.1, -6.1, 0.875, 1008.5, 1.5, 135, 0
1950-12-30 18:00:00, "SAO  ", 0.6, -5, 1, 1008.1, 1, 135, 0
1950-12-30 19:00:00, "SAO  ", 3.3, -5.6, 1, 1005.8, 1.5, 135, 0
1950-12-30 20:00:00, "SAO  ", 4.4, -2.8, 1, 1004.1, 4.6, 113, 0
1950-12-30 21:00:00, "SAO  ", 6.1, -3.9, 1, 1003.7, 3.6, 135, 0
1950-12-30 22:00:00, "SAO  ", 3.9, -5.6, 1, 1003.1, 2.6, 90, 0
1950-12-30 23:00:00, "SAO  ", 2.8, -5.6, 1, 1002.7, 1.5, 113, 0
1950-12-31 00:00:00, "SAO  ", 1.7, -5.6, 1, 1002.7, 3.1, 68, 0
1950-12-31 01:00:00, "SAO  ", 1.7, -5.6, 1, 1000.7, 1.5, 90, 0
1950-12-31 02:00:00, "SAO  ", 2.2, -6.1, 1, 999.7, 3.6, 113, 0
1950-12-31 03:00:00, "SAO  ", 1.7, -5, 1, 999.3, 1.5, 180, 0
1950-12-31 04:00:00, "SAO  ", 5, -7.2, 1, 997.6, 6.7, 203, 0
1950-12-31 05:00:00, "SAO  ", 5, -5.6, 1, 996.6, 5.7, 203, 0
1950-12-31 06:00:00, "SAO  ", 3.9, -6.1, 1, 995.9, 5.2, 180, 0
1950-12-31 07:00:00, "SAO  ", 2.8, -5.6, 1, 993.9, 5.7, 203, 0
1950-12-31 08:00:00, "SAO  ", 2.2, -6.7, 0.875, 993.9, 4.1, 225, 0
1950-12-31 09:00:00, "SAO  ", 1.7, -5, 0.875, 993.6, 1, 203, 0
1950-12-31 10:00:00, "SAO  ", 3.3, -5.6, 1, 993.2, 3.1, 203, 0
1950-12-31 11:00:00, "SAO  ", 6.1, -5, 1, 992.9, 5.7, 248, 0
1950-12-31 12:00:00, "SAO  ", 5.6, -3.9, 1, 993.6, 5.2, 293, 0
1950-12-31 13:00:00, "SAO  ", 2.8, -5, 0.875, 993.6, 6.2, 315, 0
1950-12-31 14:00:00, "SAO  ", 3.3, -5, 0.875, 994.6, 7.7, 315, 0
1950-12-31 15:00:00, "SAO  ", 4.4, -5.6, 0.75, 994.9, 11.3, 338, 0
1950-12-31 16:00:00, "SAO  ", 4.4, -1.7, 0.75, 995.6, 15.5, 338, 0
1950-12-31 17:00:00, "SAO  ", 3.3, -1.7, 0.875, 997.3, 13.4, 315, 0
1950-12-31 18:00:00, "SAO  ", 2.8, -2.2, 1, 997.6, 11.8, 315, 0
1950-12-31 19:00:00, "SAO  ", 2.8, -3.9, 1, 998.3, 13.4, 338, 0
1950-12-31 20:00:00, "SAO  ", 1.1, -5, 1, 999.7, 10.8, 338, 0
1950-12-31 21:00:00, "SAO  ", -1.7, -6.1, 1, 1002.4, 13.4, 338, 0
1950-12-31 22:00:00, "SAO  ", -2.8, -6.7, 1, 1003.4, 11.8, 338, 0
1950-12-31 23:00:00, "SAO  ", -6.1, -8.9, 1, 1005.1, 15.5, 338, 0
